# vtk DataFile Version 3.0
fem heat conduction result
ASCII

DATASET UNSTRUCTURED_GRID
POINTS 1063 float
0.000000000000000000e+00 0.000000000000000000e+00 0.000000000000000000e+00
1.000000000000000000e+00 0.000000000000000000e+00 0.000000000000000000e+00
1.000000000000000000e+00 1.000000000000000000e+00 0.000000000000000000e+00
0.000000000000000000e+00 1.000000000000000000e+00 0.000000000000000000e+00
0.000000000000000000e+00 0.000000000000000000e+00 1.000000000000000000e+00
1.000000000000000000e+00 0.000000000000000000e+00 1.000000000000000000e+00
1.000000000000000000e+00 1.000000000000000000e+00 1.000000000000000000e+00
0.000000000000000000e+00 1.000000000000000000e+00 1.000000000000000000e+00
0.000000000000000000e+00 0.000000000000000000e+00 2.000000000000000000e+00
1.000000000000000000e+00 0.000000000000000000e+00 2.000000000000000000e+00
1.000000000000000000e+00 1.000000000000000000e+00 2.000000000000000000e+00
0.000000000000000000e+00 1.000000000000000000e+00 2.000000000000000000e+00
0.000000000000000000e+00 0.000000000000000000e+00 3.000000000000000000e+00
1.000000000000000000e+00 0.000000000000000000e+00 3.000000000000000000e+00
1.000000000000000000e+00 1.000000000000000000e+00 3.000000000000000000e+00
0.000000000000000000e+00 1.000000000000000000e+00 3.000000000000000000e+00
0.000000000000000000e+00 0.000000000000000000e+00 4.000000000000000000e+00
1.000000000000000000e+00 0.000000000000000000e+00 4.000000000000000000e+00
1.000000000000000000e+00 1.000000000000000000e+00 4.000000000000000000e+00
0.000000000000000000e+00 1.000000000000000000e+00 4.000000000000000000e+00
0.000000000000000000e+00 0.000000000000000000e+00 5.000000000000000000e+00
1.000000000000000000e+00 0.000000000000000000e+00 5.000000000000000000e+00
1.000000000000000000e+00 1.000000000000000000e+00 5.000000000000000000e+00
0.000000000000000000e+00 1.000000000000000000e+00 5.000000000000000000e+00
0.000000000000000000e+00 0.000000000000000000e+00 6.000000000000000000e+00
1.000000000000000000e+00 0.000000000000000000e+00 6.000000000000000000e+00
1.000000000000000000e+00 1.000000000000000000e+00 6.000000000000000000e+00
0.000000000000000000e+00 1.000000000000000000e+00 6.000000000000000000e+00
0.000000000000000000e+00 0.000000000000000000e+00 7.000000000000000000e+00
1.000000000000000000e+00 0.000000000000000000e+00 7.000000000000000000e+00
1.000000000000000000e+00 1.000000000000000000e+00 7.000000000000000000e+00
0.000000000000000000e+00 1.000000000000000000e+00 7.000000000000000000e+00
0.000000000000000000e+00 0.000000000000000000e+00 8.000000000000000000e+00
1.000000000000000000e+00 0.000000000000000000e+00 8.000000000000000000e+00
1.000000000000000000e+00 1.000000000000000000e+00 8.000000000000000000e+00
0.000000000000000000e+00 1.000000000000000000e+00 8.000000000000000000e+00
0.000000000000000000e+00 0.000000000000000000e+00 9.000000000000000000e+00
1.000000000000000000e+00 0.000000000000000000e+00 9.000000000000000000e+00
1.000000000000000000e+00 1.000000000000000000e+00 9.000000000000000000e+00
0.000000000000000000e+00 1.000000000000000000e+00 9.000000000000000000e+00
1.000000000000000000e+00 2.000000000000000000e+00 0.000000000000000000e+00
0.000000000000000000e+00 2.000000000000000000e+00 0.000000000000000000e+00
1.000000000000000000e+00 2.000000000000000000e+00 1.000000000000000000e+00
0.000000000000000000e+00 2.000000000000000000e+00 1.000000000000000000e+00
1.000000000000000000e+00 2.000000000000000000e+00 2.000000000000000000e+00
0.000000000000000000e+00 2.000000000000000000e+00 2.000000000000000000e+00
1.000000000000000000e+00 3.000000000000000000e+00 0.000000000000000000e+00
0.000000000000000000e+00 3.000000000000000000e+00 0.000000000000000000e+00
1.000000000000000000e+00 3.000000000000000000e+00 1.000000000000000000e+00
0.000000000000000000e+00 3.000000000000000000e+00 1.000000000000000000e+00
1.000000000000000000e+00 3.000000000000000000e+00 2.000000000000000000e+00
0.000000000000000000e+00 3.000000000000000000e+00 2.000000000000000000e+00
0.000000000000000000e+00 2.000000000000000000e+00 3.000000000000000000e+00
1.000000000000000000e+00 2.000000000000000000e+00 3.000000000000000000e+00
1.000000000000000000e+00 3.000000000000000000e+00 3.000000000000000000e+00
0.000000000000000000e+00 3.000000000000000000e+00 3.000000000000000000e+00
0.000000000000000000e+00 2.000000000000000000e+00 4.000000000000000000e+00
1.000000000000000000e+00 2.000000000000000000e+00 4.000000000000000000e+00
1.000000000000000000e+00 3.000000000000000000e+00 4.000000000000000000e+00
0.000000000000000000e+00 3.000000000000000000e+00 4.000000000000000000e+00
0.000000000000000000e+00 2.000000000000000000e+00 5.000000000000000000e+00
1.000000000000000000e+00 2.000000000000000000e+00 5.000000000000000000e+00
1.000000000000000000e+00 3.000000000000000000e+00 5.000000000000000000e+00
0.000000000000000000e+00 3.000000000000000000e+00 5.000000000000000000e+00
0.000000000000000000e+00 2.000000000000000000e+00 6.000000000000000000e+00
1.000000000000000000e+00 2.000000000000000000e+00 6.000000000000000000e+00
1.000000000000000000e+00 3.000000000000000000e+00 6.000000000000000000e+00
0.000000000000000000e+00 3.000000000000000000e+00 6.000000000000000000e+00
0.000000000000000000e+00 2.000000000000000000e+00 7.000000000000000000e+00
1.000000000000000000e+00 2.000000000000000000e+00 7.000000000000000000e+00
1.000000000000000000e+00 3.000000000000000000e+00 7.000000000000000000e+00
0.000000000000000000e+00 3.000000000000000000e+00 7.000000000000000000e+00
0.000000000000000000e+00 2.000000000000000000e+00 8.000000000000000000e+00
1.000000000000000000e+00 2.000000000000000000e+00 8.000000000000000000e+00
1.000000000000000000e+00 3.000000000000000000e+00 8.000000000000000000e+00
0.000000000000000000e+00 3.000000000000000000e+00 8.000000000000000000e+00
0.000000000000000000e+00 2.000000000000000000e+00 9.000000000000000000e+00
1.000000000000000000e+00 2.000000000000000000e+00 9.000000000000000000e+00
1.000000000000000000e+00 3.000000000000000000e+00 9.000000000000000000e+00
0.000000000000000000e+00 3.000000000000000000e+00 9.000000000000000000e+00
1.000000000000000000e+00 4.000000000000000000e+00 0.000000000000000000e+00
0.000000000000000000e+00 4.000000000000000000e+00 0.000000000000000000e+00
1.000000000000000000e+00 4.000000000000000000e+00 1.000000000000000000e+00
0.000000000000000000e+00 4.000000000000000000e+00 1.000000000000000000e+00
1.000000000000000000e+00 4.000000000000000000e+00 2.000000000000000000e+00
0.000000000000000000e+00 4.000000000000000000e+00 2.000000000000000000e+00
1.000000000000000000e+00 5.000000000000000000e+00 0.000000000000000000e+00
0.000000000000000000e+00 5.000000000000000000e+00 0.000000000000000000e+00
1.000000000000000000e+00 5.000000000000000000e+00 1.000000000000000000e+00
0.000000000000000000e+00 5.000000000000000000e+00 1.000000000000000000e+00
1.000000000000000000e+00 5.000000000000000000e+00 2.000000000000000000e+00
0.000000000000000000e+00 5.000000000000000000e+00 2.000000000000000000e+00
0.000000000000000000e+00 4.000000000000000000e+00 3.000000000000000000e+00
1.000000000000000000e+00 4.000000000000000000e+00 3.000000000000000000e+00
1.000000000000000000e+00 5.000000000000000000e+00 3.000000000000000000e+00
0.000000000000000000e+00 5.000000000000000000e+00 3.000000000000000000e+00
0.000000000000000000e+00 4.000000000000000000e+00 4.000000000000000000e+00
1.000000000000000000e+00 4.000000000000000000e+00 4.000000000000000000e+00
1.000000000000000000e+00 5.000000000000000000e+00 4.000000000000000000e+00
0.000000000000000000e+00 5.000000000000000000e+00 4.000000000000000000e+00
0.000000000000000000e+00 4.000000000000000000e+00 5.000000000000000000e+00
1.000000000000000000e+00 4.000000000000000000e+00 5.000000000000000000e+00
1.000000000000000000e+00 5.000000000000000000e+00 5.000000000000000000e+00
0.000000000000000000e+00 5.000000000000000000e+00 5.000000000000000000e+00
0.000000000000000000e+00 4.000000000000000000e+00 6.000000000000000000e+00
1.000000000000000000e+00 4.000000000000000000e+00 6.000000000000000000e+00
1.000000000000000000e+00 5.000000000000000000e+00 6.000000000000000000e+00
0.000000000000000000e+00 5.000000000000000000e+00 6.000000000000000000e+00
0.000000000000000000e+00 4.000000000000000000e+00 7.000000000000000000e+00
1.000000000000000000e+00 4.000000000000000000e+00 7.000000000000000000e+00
1.000000000000000000e+00 5.000000000000000000e+00 7.000000000000000000e+00
0.000000000000000000e+00 5.000000000000000000e+00 7.000000000000000000e+00
0.000000000000000000e+00 4.000000000000000000e+00 8.000000000000000000e+00
1.000000000000000000e+00 4.000000000000000000e+00 8.000000000000000000e+00
1.000000000000000000e+00 5.000000000000000000e+00 8.000000000000000000e+00
0.000000000000000000e+00 5.000000000000000000e+00 8.000000000000000000e+00
0.000000000000000000e+00 4.000000000000000000e+00 9.000000000000000000e+00
1.000000000000000000e+00 4.000000000000000000e+00 9.000000000000000000e+00
1.000000000000000000e+00 5.000000000000000000e+00 9.000000000000000000e+00
0.000000000000000000e+00 5.000000000000000000e+00 9.000000000000000000e+00
1.000000000000000000e+00 6.000000000000000000e+00 0.000000000000000000e+00
0.000000000000000000e+00 6.000000000000000000e+00 0.000000000000000000e+00
1.000000000000000000e+00 6.000000000000000000e+00 1.000000000000000000e+00
0.000000000000000000e+00 6.000000000000000000e+00 1.000000000000000000e+00
1.000000000000000000e+00 6.000000000000000000e+00 2.000000000000000000e+00
0.000000000000000000e+00 6.000000000000000000e+00 2.000000000000000000e+00
1.000000000000000000e+00 7.000000000000000000e+00 0.000000000000000000e+00
0.000000000000000000e+00 7.000000000000000000e+00 0.000000000000000000e+00
1.000000000000000000e+00 7.000000000000000000e+00 1.000000000000000000e+00
0.000000000000000000e+00 7.000000000000000000e+00 1.000000000000000000e+00
1.000000000000000000e+00 7.000000000000000000e+00 2.000000000000000000e+00
0.000000000000000000e+00 7.000000000000000000e+00 2.000000000000000000e+00
1.000000000000000000e+00 8.000000000000000000e+00 0.000000000000000000e+00
0.000000000000000000e+00 8.000000000000000000e+00 0.000000000000000000e+00
1.000000000000000000e+00 8.000000000000000000e+00 1.000000000000000000e+00
0.000000000000000000e+00 8.000000000000000000e+00 1.000000000000000000e+00
1.000000000000000000e+00 8.000000000000000000e+00 2.000000000000000000e+00
0.000000000000000000e+00 8.000000000000000000e+00 2.000000000000000000e+00
0.000000000000000000e+00 7.000000000000000000e+00 3.000000000000000000e+00
1.000000000000000000e+00 7.000000000000000000e+00 3.000000000000000000e+00
1.000000000000000000e+00 8.000000000000000000e+00 3.000000000000000000e+00
0.000000000000000000e+00 8.000000000000000000e+00 3.000000000000000000e+00
0.000000000000000000e+00 7.000000000000000000e+00 4.000000000000000000e+00
1.000000000000000000e+00 7.000000000000000000e+00 4.000000000000000000e+00
1.000000000000000000e+00 8.000000000000000000e+00 4.000000000000000000e+00
0.000000000000000000e+00 8.000000000000000000e+00 4.000000000000000000e+00
0.000000000000000000e+00 7.000000000000000000e+00 5.000000000000000000e+00
1.000000000000000000e+00 7.000000000000000000e+00 5.000000000000000000e+00
1.000000000000000000e+00 8.000000000000000000e+00 5.000000000000000000e+00
0.000000000000000000e+00 8.000000000000000000e+00 5.000000000000000000e+00
0.000000000000000000e+00 7.000000000000000000e+00 6.000000000000000000e+00
1.000000000000000000e+00 7.000000000000000000e+00 6.000000000000000000e+00
1.000000000000000000e+00 8.000000000000000000e+00 6.000000000000000000e+00
0.000000000000000000e+00 8.000000000000000000e+00 6.000000000000000000e+00
0.000000000000000000e+00 7.000000000000000000e+00 7.000000000000000000e+00
1.000000000000000000e+00 7.000000000000000000e+00 7.000000000000000000e+00
1.000000000000000000e+00 8.000000000000000000e+00 7.000000000000000000e+00
0.000000000000000000e+00 8.000000000000000000e+00 7.000000000000000000e+00
0.000000000000000000e+00 7.000000000000000000e+00 8.000000000000000000e+00
1.000000000000000000e+00 7.000000000000000000e+00 8.000000000000000000e+00
1.000000000000000000e+00 8.000000000000000000e+00 8.000000000000000000e+00
0.000000000000000000e+00 8.000000000000000000e+00 8.000000000000000000e+00
0.000000000000000000e+00 7.000000000000000000e+00 9.000000000000000000e+00
1.000000000000000000e+00 7.000000000000000000e+00 9.000000000000000000e+00
1.000000000000000000e+00 8.000000000000000000e+00 9.000000000000000000e+00
0.000000000000000000e+00 8.000000000000000000e+00 9.000000000000000000e+00
1.000000000000000000e+00 9.000000000000000000e+00 0.000000000000000000e+00
0.000000000000000000e+00 9.000000000000000000e+00 0.000000000000000000e+00
1.000000000000000000e+00 9.000000000000000000e+00 1.000000000000000000e+00
0.000000000000000000e+00 9.000000000000000000e+00 1.000000000000000000e+00
1.000000000000000000e+00 9.000000000000000000e+00 2.000000000000000000e+00
0.000000000000000000e+00 9.000000000000000000e+00 2.000000000000000000e+00
1.000000000000000000e+00 1.000000000000000000e+01 0.000000000000000000e+00
0.000000000000000000e+00 1.000000000000000000e+01 0.000000000000000000e+00
1.000000000000000000e+00 1.000000000000000000e+01 1.000000000000000000e+00
0.000000000000000000e+00 1.000000000000000000e+01 1.000000000000000000e+00
1.000000000000000000e+00 1.000000000000000000e+01 2.000000000000000000e+00
0.000000000000000000e+00 1.000000000000000000e+01 2.000000000000000000e+00
0.000000000000000000e+00 9.000000000000000000e+00 3.000000000000000000e+00
1.000000000000000000e+00 9.000000000000000000e+00 3.000000000000000000e+00
1.000000000000000000e+00 1.000000000000000000e+01 3.000000000000000000e+00
0.000000000000000000e+00 1.000000000000000000e+01 3.000000000000000000e+00
0.000000000000000000e+00 9.000000000000000000e+00 4.000000000000000000e+00
1.000000000000000000e+00 9.000000000000000000e+00 4.000000000000000000e+00
1.000000000000000000e+00 1.000000000000000000e+01 4.000000000000000000e+00
0.000000000000000000e+00 1.000000000000000000e+01 4.000000000000000000e+00
0.000000000000000000e+00 9.000000000000000000e+00 5.000000000000000000e+00
1.000000000000000000e+00 9.000000000000000000e+00 5.000000000000000000e+00
1.000000000000000000e+00 1.000000000000000000e+01 5.000000000000000000e+00
0.000000000000000000e+00 1.000000000000000000e+01 5.000000000000000000e+00
0.000000000000000000e+00 9.000000000000000000e+00 6.000000000000000000e+00
1.000000000000000000e+00 9.000000000000000000e+00 6.000000000000000000e+00
1.000000000000000000e+00 1.000000000000000000e+01 6.000000000000000000e+00
0.000000000000000000e+00 1.000000000000000000e+01 6.000000000000000000e+00
0.000000000000000000e+00 9.000000000000000000e+00 7.000000000000000000e+00
1.000000000000000000e+00 9.000000000000000000e+00 7.000000000000000000e+00
1.000000000000000000e+00 1.000000000000000000e+01 7.000000000000000000e+00
0.000000000000000000e+00 1.000000000000000000e+01 7.000000000000000000e+00
0.000000000000000000e+00 9.000000000000000000e+00 8.000000000000000000e+00
1.000000000000000000e+00 9.000000000000000000e+00 8.000000000000000000e+00
1.000000000000000000e+00 1.000000000000000000e+01 8.000000000000000000e+00
0.000000000000000000e+00 1.000000000000000000e+01 8.000000000000000000e+00
0.000000000000000000e+00 9.000000000000000000e+00 9.000000000000000000e+00
1.000000000000000000e+00 9.000000000000000000e+00 9.000000000000000000e+00
1.000000000000000000e+00 1.000000000000000000e+01 9.000000000000000000e+00
0.000000000000000000e+00 1.000000000000000000e+01 9.000000000000000000e+00
2.000000000000000000e+00 0.000000000000000000e+00 0.000000000000000000e+00
2.000000000000000000e+00 1.000000000000000000e+00 0.000000000000000000e+00
2.000000000000000000e+00 0.000000000000000000e+00 1.000000000000000000e+00
2.000000000000000000e+00 1.000000000000000000e+00 1.000000000000000000e+00
2.000000000000000000e+00 0.000000000000000000e+00 2.000000000000000000e+00
2.000000000000000000e+00 1.000000000000000000e+00 2.000000000000000000e+00
2.000000000000000000e+00 2.000000000000000000e+00 0.000000000000000000e+00
2.000000000000000000e+00 2.000000000000000000e+00 1.000000000000000000e+00
2.000000000000000000e+00 2.000000000000000000e+00 2.000000000000000000e+00
2.000000000000000000e+00 3.000000000000000000e+00 0.000000000000000000e+00
2.000000000000000000e+00 3.000000000000000000e+00 1.000000000000000000e+00
2.000000000000000000e+00 3.000000000000000000e+00 2.000000000000000000e+00
2.000000000000000000e+00 4.000000000000000000e+00 0.000000000000000000e+00
2.000000000000000000e+00 4.000000000000000000e+00 1.000000000000000000e+00
2.000000000000000000e+00 4.000000000000000000e+00 2.000000000000000000e+00
2.000000000000000000e+00 5.000000000000000000e+00 0.000000000000000000e+00
2.000000000000000000e+00 5.000000000000000000e+00 1.000000000000000000e+00
2.000000000000000000e+00 5.000000000000000000e+00 2.000000000000000000e+00
2.000000000000000000e+00 6.000000000000000000e+00 0.000000000000000000e+00
2.000000000000000000e+00 6.000000000000000000e+00 1.000000000000000000e+00
2.000000000000000000e+00 6.000000000000000000e+00 2.000000000000000000e+00
2.000000000000000000e+00 7.000000000000000000e+00 0.000000000000000000e+00
2.000000000000000000e+00 7.000000000000000000e+00 1.000000000000000000e+00
2.000000000000000000e+00 7.000000000000000000e+00 2.000000000000000000e+00
2.000000000000000000e+00 8.000000000000000000e+00 0.000000000000000000e+00
2.000000000000000000e+00 8.000000000000000000e+00 1.000000000000000000e+00
2.000000000000000000e+00 8.000000000000000000e+00 2.000000000000000000e+00
2.000000000000000000e+00 9.000000000000000000e+00 0.000000000000000000e+00
2.000000000000000000e+00 9.000000000000000000e+00 1.000000000000000000e+00
2.000000000000000000e+00 9.000000000000000000e+00 2.000000000000000000e+00
2.000000000000000000e+00 1.000000000000000000e+01 0.000000000000000000e+00
2.000000000000000000e+00 1.000000000000000000e+01 1.000000000000000000e+00
2.000000000000000000e+00 1.000000000000000000e+01 2.000000000000000000e+00
3.000000000000000000e+00 0.000000000000000000e+00 0.000000000000000000e+00
3.000000000000000000e+00 1.000000000000000000e+00 0.000000000000000000e+00
3.000000000000000000e+00 0.000000000000000000e+00 1.000000000000000000e+00
3.000000000000000000e+00 1.000000000000000000e+00 1.000000000000000000e+00
3.000000000000000000e+00 0.000000000000000000e+00 2.000000000000000000e+00
3.000000000000000000e+00 1.000000000000000000e+00 2.000000000000000000e+00
2.000000000000000000e+00 0.000000000000000000e+00 3.000000000000000000e+00
3.000000000000000000e+00 0.000000000000000000e+00 3.000000000000000000e+00
3.000000000000000000e+00 1.000000000000000000e+00 3.000000000000000000e+00
2.000000000000000000e+00 1.000000000000000000e+00 3.000000000000000000e+00
2.000000000000000000e+00 0.000000000000000000e+00 4.000000000000000000e+00
3.000000000000000000e+00 0.000000000000000000e+00 4.000000000000000000e+00
3.000000000000000000e+00 1.000000000000000000e+00 4.000000000000000000e+00
2.000000000000000000e+00 1.000000000000000000e+00 4.000000000000000000e+00
2.000000000000000000e+00 0.000000000000000000e+00 5.000000000000000000e+00
3.000000000000000000e+00 0.000000000000000000e+00 5.000000000000000000e+00
3.000000000000000000e+00 1.000000000000000000e+00 5.000000000000000000e+00
2.000000000000000000e+00 1.000000000000000000e+00 5.000000000000000000e+00
2.000000000000000000e+00 0.000000000000000000e+00 6.000000000000000000e+00
3.000000000000000000e+00 0.000000000000000000e+00 6.000000000000000000e+00
3.000000000000000000e+00 1.000000000000000000e+00 6.000000000000000000e+00
2.000000000000000000e+00 1.000000000000000000e+00 6.000000000000000000e+00
2.000000000000000000e+00 0.000000000000000000e+00 7.000000000000000000e+00
3.000000000000000000e+00 0.000000000000000000e+00 7.000000000000000000e+00
3.000000000000000000e+00 1.000000000000000000e+00 7.000000000000000000e+00
2.000000000000000000e+00 1.000000000000000000e+00 7.000000000000000000e+00
2.000000000000000000e+00 0.000000000000000000e+00 8.000000000000000000e+00
3.000000000000000000e+00 0.000000000000000000e+00 8.000000000000000000e+00
3.000000000000000000e+00 1.000000000000000000e+00 8.000000000000000000e+00
2.000000000000000000e+00 1.000000000000000000e+00 8.000000000000000000e+00
2.000000000000000000e+00 0.000000000000000000e+00 9.000000000000000000e+00
3.000000000000000000e+00 0.000000000000000000e+00 9.000000000000000000e+00
3.000000000000000000e+00 1.000000000000000000e+00 9.000000000000000000e+00
2.000000000000000000e+00 1.000000000000000000e+00 9.000000000000000000e+00
3.000000000000000000e+00 2.000000000000000000e+00 0.000000000000000000e+00
3.000000000000000000e+00 2.000000000000000000e+00 1.000000000000000000e+00
3.000000000000000000e+00 2.000000000000000000e+00 2.000000000000000000e+00
3.000000000000000000e+00 3.000000000000000000e+00 0.000000000000000000e+00
3.000000000000000000e+00 3.000000000000000000e+00 1.000000000000000000e+00
3.000000000000000000e+00 3.000000000000000000e+00 2.000000000000000000e+00
2.000000000000000000e+00 2.000000000000000000e+00 3.000000000000000000e+00
3.000000000000000000e+00 2.000000000000000000e+00 3.000000000000000000e+00
3.000000000000000000e+00 3.000000000000000000e+00 3.000000000000000000e+00
2.000000000000000000e+00 3.000000000000000000e+00 3.000000000000000000e+00
2.000000000000000000e+00 2.000000000000000000e+00 4.000000000000000000e+00
3.000000000000000000e+00 2.000000000000000000e+00 4.000000000000000000e+00
3.000000000000000000e+00 3.000000000000000000e+00 4.000000000000000000e+00
2.000000000000000000e+00 3.000000000000000000e+00 4.000000000000000000e+00
2.000000000000000000e+00 2.000000000000000000e+00 5.000000000000000000e+00
3.000000000000000000e+00 2.000000000000000000e+00 5.000000000000000000e+00
3.000000000000000000e+00 3.000000000000000000e+00 5.000000000000000000e+00
2.000000000000000000e+00 3.000000000000000000e+00 5.000000000000000000e+00
2.000000000000000000e+00 2.000000000000000000e+00 6.000000000000000000e+00
3.000000000000000000e+00 2.000000000000000000e+00 6.000000000000000000e+00
3.000000000000000000e+00 3.000000000000000000e+00 6.000000000000000000e+00
2.000000000000000000e+00 3.000000000000000000e+00 6.000000000000000000e+00
2.000000000000000000e+00 2.000000000000000000e+00 7.000000000000000000e+00
3.000000000000000000e+00 2.000000000000000000e+00 7.000000000000000000e+00
3.000000000000000000e+00 3.000000000000000000e+00 7.000000000000000000e+00
2.000000000000000000e+00 3.000000000000000000e+00 7.000000000000000000e+00
2.000000000000000000e+00 2.000000000000000000e+00 8.000000000000000000e+00
3.000000000000000000e+00 2.000000000000000000e+00 8.000000000000000000e+00
3.000000000000000000e+00 3.000000000000000000e+00 8.000000000000000000e+00
2.000000000000000000e+00 3.000000000000000000e+00 8.000000000000000000e+00
2.000000000000000000e+00 2.000000000000000000e+00 9.000000000000000000e+00
3.000000000000000000e+00 2.000000000000000000e+00 9.000000000000000000e+00
3.000000000000000000e+00 3.000000000000000000e+00 9.000000000000000000e+00
2.000000000000000000e+00 3.000000000000000000e+00 9.000000000000000000e+00
3.000000000000000000e+00 4.000000000000000000e+00 0.000000000000000000e+00
3.000000000000000000e+00 4.000000000000000000e+00 1.000000000000000000e+00
3.000000000000000000e+00 4.000000000000000000e+00 2.000000000000000000e+00
3.000000000000000000e+00 5.000000000000000000e+00 0.000000000000000000e+00
3.000000000000000000e+00 5.000000000000000000e+00 1.000000000000000000e+00
3.000000000000000000e+00 5.000000000000000000e+00 2.000000000000000000e+00
2.000000000000000000e+00 4.000000000000000000e+00 3.000000000000000000e+00
3.000000000000000000e+00 4.000000000000000000e+00 3.000000000000000000e+00
3.000000000000000000e+00 5.000000000000000000e+00 3.000000000000000000e+00
2.000000000000000000e+00 5.000000000000000000e+00 3.000000000000000000e+00
2.000000000000000000e+00 4.000000000000000000e+00 4.000000000000000000e+00
3.000000000000000000e+00 4.000000000000000000e+00 4.000000000000000000e+00
3.000000000000000000e+00 5.000000000000000000e+00 4.000000000000000000e+00
2.000000000000000000e+00 5.000000000000000000e+00 4.000000000000000000e+00
2.000000000000000000e+00 4.000000000000000000e+00 5.000000000000000000e+00
3.000000000000000000e+00 4.000000000000000000e+00 5.000000000000000000e+00
3.000000000000000000e+00 5.000000000000000000e+00 5.000000000000000000e+00
2.000000000000000000e+00 5.000000000000000000e+00 5.000000000000000000e+00
2.000000000000000000e+00 4.000000000000000000e+00 6.000000000000000000e+00
3.000000000000000000e+00 4.000000000000000000e+00 6.000000000000000000e+00
3.000000000000000000e+00 5.000000000000000000e+00 6.000000000000000000e+00
2.000000000000000000e+00 5.000000000000000000e+00 6.000000000000000000e+00
2.000000000000000000e+00 4.000000000000000000e+00 7.000000000000000000e+00
3.000000000000000000e+00 4.000000000000000000e+00 7.000000000000000000e+00
3.000000000000000000e+00 5.000000000000000000e+00 7.000000000000000000e+00
2.000000000000000000e+00 5.000000000000000000e+00 7.000000000000000000e+00
2.000000000000000000e+00 4.000000000000000000e+00 8.000000000000000000e+00
3.000000000000000000e+00 4.000000000000000000e+00 8.000000000000000000e+00
3.000000000000000000e+00 5.000000000000000000e+00 8.000000000000000000e+00
2.000000000000000000e+00 5.000000000000000000e+00 8.000000000000000000e+00
2.000000000000000000e+00 4.000000000000000000e+00 9.000000000000000000e+00
3.000000000000000000e+00 4.000000000000000000e+00 9.000000000000000000e+00
3.000000000000000000e+00 5.000000000000000000e+00 9.000000000000000000e+00
2.000000000000000000e+00 5.000000000000000000e+00 9.000000000000000000e+00
3.000000000000000000e+00 6.000000000000000000e+00 0.000000000000000000e+00
3.000000000000000000e+00 6.000000000000000000e+00 1.000000000000000000e+00
3.000000000000000000e+00 6.000000000000000000e+00 2.000000000000000000e+00
3.000000000000000000e+00 7.000000000000000000e+00 0.000000000000000000e+00
3.000000000000000000e+00 7.000000000000000000e+00 1.000000000000000000e+00
3.000000000000000000e+00 7.000000000000000000e+00 2.000000000000000000e+00
3.000000000000000000e+00 8.000000000000000000e+00 0.000000000000000000e+00
3.000000000000000000e+00 8.000000000000000000e+00 1.000000000000000000e+00
3.000000000000000000e+00 8.000000000000000000e+00 2.000000000000000000e+00
2.000000000000000000e+00 7.000000000000000000e+00 3.000000000000000000e+00
3.000000000000000000e+00 7.000000000000000000e+00 3.000000000000000000e+00
3.000000000000000000e+00 8.000000000000000000e+00 3.000000000000000000e+00
2.000000000000000000e+00 8.000000000000000000e+00 3.000000000000000000e+00
2.000000000000000000e+00 7.000000000000000000e+00 4.000000000000000000e+00
3.000000000000000000e+00 7.000000000000000000e+00 4.000000000000000000e+00
3.000000000000000000e+00 8.000000000000000000e+00 4.000000000000000000e+00
2.000000000000000000e+00 8.000000000000000000e+00 4.000000000000000000e+00
2.000000000000000000e+00 7.000000000000000000e+00 5.000000000000000000e+00
3.000000000000000000e+00 7.000000000000000000e+00 5.000000000000000000e+00
3.000000000000000000e+00 8.000000000000000000e+00 5.000000000000000000e+00
2.000000000000000000e+00 8.000000000000000000e+00 5.000000000000000000e+00
2.000000000000000000e+00 7.000000000000000000e+00 6.000000000000000000e+00
3.000000000000000000e+00 7.000000000000000000e+00 6.000000000000000000e+00
3.000000000000000000e+00 8.000000000000000000e+00 6.000000000000000000e+00
2.000000000000000000e+00 8.000000000000000000e+00 6.000000000000000000e+00
2.000000000000000000e+00 7.000000000000000000e+00 7.000000000000000000e+00
3.000000000000000000e+00 7.000000000000000000e+00 7.000000000000000000e+00
3.000000000000000000e+00 8.000000000000000000e+00 7.000000000000000000e+00
2.000000000000000000e+00 8.000000000000000000e+00 7.000000000000000000e+00
2.000000000000000000e+00 7.000000000000000000e+00 8.000000000000000000e+00
3.000000000000000000e+00 7.000000000000000000e+00 8.000000000000000000e+00
3.000000000000000000e+00 8.000000000000000000e+00 8.000000000000000000e+00
2.000000000000000000e+00 8.000000000000000000e+00 8.000000000000000000e+00
2.000000000000000000e+00 7.000000000000000000e+00 9.000000000000000000e+00
3.000000000000000000e+00 7.000000000000000000e+00 9.000000000000000000e+00
3.000000000000000000e+00 8.000000000000000000e+00 9.000000000000000000e+00
2.000000000000000000e+00 8.000000000000000000e+00 9.000000000000000000e+00
3.000000000000000000e+00 9.000000000000000000e+00 0.000000000000000000e+00
3.000000000000000000e+00 9.000000000000000000e+00 1.000000000000000000e+00
3.000000000000000000e+00 9.000000000000000000e+00 2.000000000000000000e+00
3.000000000000000000e+00 1.000000000000000000e+01 0.000000000000000000e+00
3.000000000000000000e+00 1.000000000000000000e+01 1.000000000000000000e+00
3.000000000000000000e+00 1.000000000000000000e+01 2.000000000000000000e+00
2.000000000000000000e+00 9.000000000000000000e+00 3.000000000000000000e+00
3.000000000000000000e+00 9.000000000000000000e+00 3.000000000000000000e+00
3.000000000000000000e+00 1.000000000000000000e+01 3.000000000000000000e+00
2.000000000000000000e+00 1.000000000000000000e+01 3.000000000000000000e+00
2.000000000000000000e+00 9.000000000000000000e+00 4.000000000000000000e+00
3.000000000000000000e+00 9.000000000000000000e+00 4.000000000000000000e+00
3.000000000000000000e+00 1.000000000000000000e+01 4.000000000000000000e+00
2.000000000000000000e+00 1.000000000000000000e+01 4.000000000000000000e+00
2.000000000000000000e+00 9.000000000000000000e+00 5.000000000000000000e+00
3.000000000000000000e+00 9.000000000000000000e+00 5.000000000000000000e+00
3.000000000000000000e+00 1.000000000000000000e+01 5.000000000000000000e+00
2.000000000000000000e+00 1.000000000000000000e+01 5.000000000000000000e+00
2.000000000000000000e+00 9.000000000000000000e+00 6.000000000000000000e+00
3.000000000000000000e+00 9.000000000000000000e+00 6.000000000000000000e+00
3.000000000000000000e+00 1.000000000000000000e+01 6.000000000000000000e+00
2.000000000000000000e+00 1.000000000000000000e+01 6.000000000000000000e+00
2.000000000000000000e+00 9.000000000000000000e+00 7.000000000000000000e+00
3.000000000000000000e+00 9.000000000000000000e+00 7.000000000000000000e+00
3.000000000000000000e+00 1.000000000000000000e+01 7.000000000000000000e+00
2.000000000000000000e+00 1.000000000000000000e+01 7.000000000000000000e+00
2.000000000000000000e+00 9.000000000000000000e+00 8.000000000000000000e+00
3.000000000000000000e+00 9.000000000000000000e+00 8.000000000000000000e+00
3.000000000000000000e+00 1.000000000000000000e+01 8.000000000000000000e+00
2.000000000000000000e+00 1.000000000000000000e+01 8.000000000000000000e+00
2.000000000000000000e+00 9.000000000000000000e+00 9.000000000000000000e+00
3.000000000000000000e+00 9.000000000000000000e+00 9.000000000000000000e+00
3.000000000000000000e+00 1.000000000000000000e+01 9.000000000000000000e+00
2.000000000000000000e+00 1.000000000000000000e+01 9.000000000000000000e+00
4.000000000000000000e+00 0.000000000000000000e+00 0.000000000000000000e+00
4.000000000000000000e+00 1.000000000000000000e+00 0.000000000000000000e+00
4.000000000000000000e+00 0.000000000000000000e+00 1.000000000000000000e+00
4.000000000000000000e+00 1.000000000000000000e+00 1.000000000000000000e+00
4.000000000000000000e+00 0.000000000000000000e+00 2.000000000000000000e+00
4.000000000000000000e+00 1.000000000000000000e+00 2.000000000000000000e+00
4.000000000000000000e+00 2.000000000000000000e+00 0.000000000000000000e+00
4.000000000000000000e+00 2.000000000000000000e+00 1.000000000000000000e+00
4.000000000000000000e+00 2.000000000000000000e+00 2.000000000000000000e+00
4.000000000000000000e+00 3.000000000000000000e+00 0.000000000000000000e+00
4.000000000000000000e+00 3.000000000000000000e+00 1.000000000000000000e+00
4.000000000000000000e+00 3.000000000000000000e+00 2.000000000000000000e+00
4.000000000000000000e+00 4.000000000000000000e+00 0.000000000000000000e+00
4.000000000000000000e+00 4.000000000000000000e+00 1.000000000000000000e+00
4.000000000000000000e+00 4.000000000000000000e+00 2.000000000000000000e+00
4.000000000000000000e+00 5.000000000000000000e+00 0.000000000000000000e+00
4.000000000000000000e+00 5.000000000000000000e+00 1.000000000000000000e+00
4.000000000000000000e+00 5.000000000000000000e+00 2.000000000000000000e+00
4.000000000000000000e+00 6.000000000000000000e+00 0.000000000000000000e+00
4.000000000000000000e+00 6.000000000000000000e+00 1.000000000000000000e+00
4.000000000000000000e+00 6.000000000000000000e+00 2.000000000000000000e+00
4.000000000000000000e+00 7.000000000000000000e+00 0.000000000000000000e+00
4.000000000000000000e+00 7.000000000000000000e+00 1.000000000000000000e+00
4.000000000000000000e+00 7.000000000000000000e+00 2.000000000000000000e+00
4.000000000000000000e+00 8.000000000000000000e+00 0.000000000000000000e+00
4.000000000000000000e+00 8.000000000000000000e+00 1.000000000000000000e+00
4.000000000000000000e+00 8.000000000000000000e+00 2.000000000000000000e+00
4.000000000000000000e+00 9.000000000000000000e+00 0.000000000000000000e+00
4.000000000000000000e+00 9.000000000000000000e+00 1.000000000000000000e+00
4.000000000000000000e+00 9.000000000000000000e+00 2.000000000000000000e+00
4.000000000000000000e+00 1.000000000000000000e+01 0.000000000000000000e+00
4.000000000000000000e+00 1.000000000000000000e+01 1.000000000000000000e+00
4.000000000000000000e+00 1.000000000000000000e+01 2.000000000000000000e+00
5.000000000000000000e+00 0.000000000000000000e+00 0.000000000000000000e+00
5.000000000000000000e+00 1.000000000000000000e+00 0.000000000000000000e+00
5.000000000000000000e+00 0.000000000000000000e+00 1.000000000000000000e+00
5.000000000000000000e+00 1.000000000000000000e+00 1.000000000000000000e+00
5.000000000000000000e+00 0.000000000000000000e+00 2.000000000000000000e+00
5.000000000000000000e+00 1.000000000000000000e+00 2.000000000000000000e+00
4.000000000000000000e+00 0.000000000000000000e+00 3.000000000000000000e+00
5.000000000000000000e+00 0.000000000000000000e+00 3.000000000000000000e+00
5.000000000000000000e+00 1.000000000000000000e+00 3.000000000000000000e+00
4.000000000000000000e+00 1.000000000000000000e+00 3.000000000000000000e+00
4.000000000000000000e+00 0.000000000000000000e+00 4.000000000000000000e+00
5.000000000000000000e+00 0.000000000000000000e+00 4.000000000000000000e+00
5.000000000000000000e+00 1.000000000000000000e+00 4.000000000000000000e+00
4.000000000000000000e+00 1.000000000000000000e+00 4.000000000000000000e+00
4.000000000000000000e+00 0.000000000000000000e+00 5.000000000000000000e+00
5.000000000000000000e+00 0.000000000000000000e+00 5.000000000000000000e+00
5.000000000000000000e+00 1.000000000000000000e+00 5.000000000000000000e+00
4.000000000000000000e+00 1.000000000000000000e+00 5.000000000000000000e+00
4.000000000000000000e+00 0.000000000000000000e+00 6.000000000000000000e+00
5.000000000000000000e+00 0.000000000000000000e+00 6.000000000000000000e+00
5.000000000000000000e+00 1.000000000000000000e+00 6.000000000000000000e+00
4.000000000000000000e+00 1.000000000000000000e+00 6.000000000000000000e+00
4.000000000000000000e+00 0.000000000000000000e+00 7.000000000000000000e+00
5.000000000000000000e+00 0.000000000000000000e+00 7.000000000000000000e+00
5.000000000000000000e+00 1.000000000000000000e+00 7.000000000000000000e+00
4.000000000000000000e+00 1.000000000000000000e+00 7.000000000000000000e+00
4.000000000000000000e+00 0.000000000000000000e+00 8.000000000000000000e+00
5.000000000000000000e+00 0.000000000000000000e+00 8.000000000000000000e+00
5.000000000000000000e+00 1.000000000000000000e+00 8.000000000000000000e+00
4.000000000000000000e+00 1.000000000000000000e+00 8.000000000000000000e+00
4.000000000000000000e+00 0.000000000000000000e+00 9.000000000000000000e+00
5.000000000000000000e+00 0.000000000000000000e+00 9.000000000000000000e+00
5.000000000000000000e+00 1.000000000000000000e+00 9.000000000000000000e+00
4.000000000000000000e+00 1.000000000000000000e+00 9.000000000000000000e+00
5.000000000000000000e+00 2.000000000000000000e+00 0.000000000000000000e+00
5.000000000000000000e+00 2.000000000000000000e+00 1.000000000000000000e+00
5.000000000000000000e+00 2.000000000000000000e+00 2.000000000000000000e+00
5.000000000000000000e+00 3.000000000000000000e+00 0.000000000000000000e+00
5.000000000000000000e+00 3.000000000000000000e+00 1.000000000000000000e+00
5.000000000000000000e+00 3.000000000000000000e+00 2.000000000000000000e+00
4.000000000000000000e+00 2.000000000000000000e+00 3.000000000000000000e+00
5.000000000000000000e+00 2.000000000000000000e+00 3.000000000000000000e+00
5.000000000000000000e+00 3.000000000000000000e+00 3.000000000000000000e+00
4.000000000000000000e+00 3.000000000000000000e+00 3.000000000000000000e+00
4.000000000000000000e+00 2.000000000000000000e+00 4.000000000000000000e+00
5.000000000000000000e+00 2.000000000000000000e+00 4.000000000000000000e+00
5.000000000000000000e+00 3.000000000000000000e+00 4.000000000000000000e+00
4.000000000000000000e+00 3.000000000000000000e+00 4.000000000000000000e+00
4.000000000000000000e+00 2.000000000000000000e+00 5.000000000000000000e+00
5.000000000000000000e+00 2.000000000000000000e+00 5.000000000000000000e+00
5.000000000000000000e+00 3.000000000000000000e+00 5.000000000000000000e+00
4.000000000000000000e+00 3.000000000000000000e+00 5.000000000000000000e+00
4.000000000000000000e+00 2.000000000000000000e+00 6.000000000000000000e+00
5.000000000000000000e+00 2.000000000000000000e+00 6.000000000000000000e+00
5.000000000000000000e+00 3.000000000000000000e+00 6.000000000000000000e+00
4.000000000000000000e+00 3.000000000000000000e+00 6.000000000000000000e+00
4.000000000000000000e+00 2.000000000000000000e+00 7.000000000000000000e+00
5.000000000000000000e+00 2.000000000000000000e+00 7.000000000000000000e+00
5.000000000000000000e+00 3.000000000000000000e+00 7.000000000000000000e+00
4.000000000000000000e+00 3.000000000000000000e+00 7.000000000000000000e+00
4.000000000000000000e+00 2.000000000000000000e+00 8.000000000000000000e+00
5.000000000000000000e+00 2.000000000000000000e+00 8.000000000000000000e+00
5.000000000000000000e+00 3.000000000000000000e+00 8.000000000000000000e+00
4.000000000000000000e+00 3.000000000000000000e+00 8.000000000000000000e+00
4.000000000000000000e+00 2.000000000000000000e+00 9.000000000000000000e+00
5.000000000000000000e+00 2.000000000000000000e+00 9.000000000000000000e+00
5.000000000000000000e+00 3.000000000000000000e+00 9.000000000000000000e+00
4.000000000000000000e+00 3.000000000000000000e+00 9.000000000000000000e+00
5.000000000000000000e+00 4.000000000000000000e+00 0.000000000000000000e+00
5.000000000000000000e+00 4.000000000000000000e+00 1.000000000000000000e+00
5.000000000000000000e+00 4.000000000000000000e+00 2.000000000000000000e+00
5.000000000000000000e+00 5.000000000000000000e+00 0.000000000000000000e+00
5.000000000000000000e+00 5.000000000000000000e+00 1.000000000000000000e+00
5.000000000000000000e+00 5.000000000000000000e+00 2.000000000000000000e+00
4.000000000000000000e+00 4.000000000000000000e+00 3.000000000000000000e+00
5.000000000000000000e+00 4.000000000000000000e+00 3.000000000000000000e+00
5.000000000000000000e+00 5.000000000000000000e+00 3.000000000000000000e+00
4.000000000000000000e+00 5.000000000000000000e+00 3.000000000000000000e+00
4.000000000000000000e+00 4.000000000000000000e+00 4.000000000000000000e+00
5.000000000000000000e+00 4.000000000000000000e+00 4.000000000000000000e+00
5.000000000000000000e+00 5.000000000000000000e+00 4.000000000000000000e+00
4.000000000000000000e+00 5.000000000000000000e+00 4.000000000000000000e+00
4.000000000000000000e+00 4.000000000000000000e+00 5.000000000000000000e+00
5.000000000000000000e+00 4.000000000000000000e+00 5.000000000000000000e+00
5.000000000000000000e+00 5.000000000000000000e+00 5.000000000000000000e+00
4.000000000000000000e+00 5.000000000000000000e+00 5.000000000000000000e+00
4.000000000000000000e+00 4.000000000000000000e+00 6.000000000000000000e+00
5.000000000000000000e+00 4.000000000000000000e+00 6.000000000000000000e+00
5.000000000000000000e+00 5.000000000000000000e+00 6.000000000000000000e+00
4.000000000000000000e+00 5.000000000000000000e+00 6.000000000000000000e+00
4.000000000000000000e+00 4.000000000000000000e+00 7.000000000000000000e+00
5.000000000000000000e+00 4.000000000000000000e+00 7.000000000000000000e+00
5.000000000000000000e+00 5.000000000000000000e+00 7.000000000000000000e+00
4.000000000000000000e+00 5.000000000000000000e+00 7.000000000000000000e+00
4.000000000000000000e+00 4.000000000000000000e+00 8.000000000000000000e+00
5.000000000000000000e+00 4.000000000000000000e+00 8.000000000000000000e+00
5.000000000000000000e+00 5.000000000000000000e+00 8.000000000000000000e+00
4.000000000000000000e+00 5.000000000000000000e+00 8.000000000000000000e+00
4.000000000000000000e+00 4.000000000000000000e+00 9.000000000000000000e+00
5.000000000000000000e+00 4.000000000000000000e+00 9.000000000000000000e+00
5.000000000000000000e+00 5.000000000000000000e+00 9.000000000000000000e+00
4.000000000000000000e+00 5.000000000000000000e+00 9.000000000000000000e+00
5.000000000000000000e+00 6.000000000000000000e+00 0.000000000000000000e+00
5.000000000000000000e+00 6.000000000000000000e+00 1.000000000000000000e+00
5.000000000000000000e+00 6.000000000000000000e+00 2.000000000000000000e+00
5.000000000000000000e+00 7.000000000000000000e+00 0.000000000000000000e+00
5.000000000000000000e+00 7.000000000000000000e+00 1.000000000000000000e+00
5.000000000000000000e+00 7.000000000000000000e+00 2.000000000000000000e+00
5.000000000000000000e+00 8.000000000000000000e+00 0.000000000000000000e+00
5.000000000000000000e+00 8.000000000000000000e+00 1.000000000000000000e+00
5.000000000000000000e+00 8.000000000000000000e+00 2.000000000000000000e+00
4.000000000000000000e+00 7.000000000000000000e+00 3.000000000000000000e+00
5.000000000000000000e+00 7.000000000000000000e+00 3.000000000000000000e+00
5.000000000000000000e+00 8.000000000000000000e+00 3.000000000000000000e+00
4.000000000000000000e+00 8.000000000000000000e+00 3.000000000000000000e+00
4.000000000000000000e+00 7.000000000000000000e+00 4.000000000000000000e+00
5.000000000000000000e+00 7.000000000000000000e+00 4.000000000000000000e+00
5.000000000000000000e+00 8.000000000000000000e+00 4.000000000000000000e+00
4.000000000000000000e+00 8.000000000000000000e+00 4.000000000000000000e+00
4.000000000000000000e+00 7.000000000000000000e+00 5.000000000000000000e+00
5.000000000000000000e+00 7.000000000000000000e+00 5.000000000000000000e+00
5.000000000000000000e+00 8.000000000000000000e+00 5.000000000000000000e+00
4.000000000000000000e+00 8.000000000000000000e+00 5.000000000000000000e+00
4.000000000000000000e+00 7.000000000000000000e+00 6.000000000000000000e+00
5.000000000000000000e+00 7.000000000000000000e+00 6.000000000000000000e+00
5.000000000000000000e+00 8.000000000000000000e+00 6.000000000000000000e+00
4.000000000000000000e+00 8.000000000000000000e+00 6.000000000000000000e+00
4.000000000000000000e+00 7.000000000000000000e+00 7.000000000000000000e+00
5.000000000000000000e+00 7.000000000000000000e+00 7.000000000000000000e+00
5.000000000000000000e+00 8.000000000000000000e+00 7.000000000000000000e+00
4.000000000000000000e+00 8.000000000000000000e+00 7.000000000000000000e+00
4.000000000000000000e+00 7.000000000000000000e+00 8.000000000000000000e+00
5.000000000000000000e+00 7.000000000000000000e+00 8.000000000000000000e+00
5.000000000000000000e+00 8.000000000000000000e+00 8.000000000000000000e+00
4.000000000000000000e+00 8.000000000000000000e+00 8.000000000000000000e+00
4.000000000000000000e+00 7.000000000000000000e+00 9.000000000000000000e+00
5.000000000000000000e+00 7.000000000000000000e+00 9.000000000000000000e+00
5.000000000000000000e+00 8.000000000000000000e+00 9.000000000000000000e+00
4.000000000000000000e+00 8.000000000000000000e+00 9.000000000000000000e+00
5.000000000000000000e+00 9.000000000000000000e+00 0.000000000000000000e+00
5.000000000000000000e+00 9.000000000000000000e+00 1.000000000000000000e+00
5.000000000000000000e+00 9.000000000000000000e+00 2.000000000000000000e+00
5.000000000000000000e+00 1.000000000000000000e+01 0.000000000000000000e+00
5.000000000000000000e+00 1.000000000000000000e+01 1.000000000000000000e+00
5.000000000000000000e+00 1.000000000000000000e+01 2.000000000000000000e+00
4.000000000000000000e+00 9.000000000000000000e+00 3.000000000000000000e+00
5.000000000000000000e+00 9.000000000000000000e+00 3.000000000000000000e+00
5.000000000000000000e+00 1.000000000000000000e+01 3.000000000000000000e+00
4.000000000000000000e+00 1.000000000000000000e+01 3.000000000000000000e+00
4.000000000000000000e+00 9.000000000000000000e+00 4.000000000000000000e+00
5.000000000000000000e+00 9.000000000000000000e+00 4.000000000000000000e+00
5.000000000000000000e+00 1.000000000000000000e+01 4.000000000000000000e+00
4.000000000000000000e+00 1.000000000000000000e+01 4.000000000000000000e+00
4.000000000000000000e+00 9.000000000000000000e+00 5.000000000000000000e+00
5.000000000000000000e+00 9.000000000000000000e+00 5.000000000000000000e+00
5.000000000000000000e+00 1.000000000000000000e+01 5.000000000000000000e+00
4.000000000000000000e+00 1.000000000000000000e+01 5.000000000000000000e+00
4.000000000000000000e+00 9.000000000000000000e+00 6.000000000000000000e+00
5.000000000000000000e+00 9.000000000000000000e+00 6.000000000000000000e+00
5.000000000000000000e+00 1.000000000000000000e+01 6.000000000000000000e+00
4.000000000000000000e+00 1.000000000000000000e+01 6.000000000000000000e+00
4.000000000000000000e+00 9.000000000000000000e+00 7.000000000000000000e+00
5.000000000000000000e+00 9.000000000000000000e+00 7.000000000000000000e+00
5.000000000000000000e+00 1.000000000000000000e+01 7.000000000000000000e+00
4.000000000000000000e+00 1.000000000000000000e+01 7.000000000000000000e+00
4.000000000000000000e+00 9.000000000000000000e+00 8.000000000000000000e+00
5.000000000000000000e+00 9.000000000000000000e+00 8.000000000000000000e+00
5.000000000000000000e+00 1.000000000000000000e+01 8.000000000000000000e+00
4.000000000000000000e+00 1.000000000000000000e+01 8.000000000000000000e+00
4.000000000000000000e+00 9.000000000000000000e+00 9.000000000000000000e+00
5.000000000000000000e+00 9.000000000000000000e+00 9.000000000000000000e+00
5.000000000000000000e+00 1.000000000000000000e+01 9.000000000000000000e+00
4.000000000000000000e+00 1.000000000000000000e+01 9.000000000000000000e+00
6.000000000000000000e+00 0.000000000000000000e+00 0.000000000000000000e+00
6.000000000000000000e+00 1.000000000000000000e+00 0.000000000000000000e+00
6.000000000000000000e+00 0.000000000000000000e+00 1.000000000000000000e+00
6.000000000000000000e+00 1.000000000000000000e+00 1.000000000000000000e+00
6.000000000000000000e+00 0.000000000000000000e+00 2.000000000000000000e+00
6.000000000000000000e+00 1.000000000000000000e+00 2.000000000000000000e+00
6.000000000000000000e+00 2.000000000000000000e+00 0.000000000000000000e+00
6.000000000000000000e+00 2.000000000000000000e+00 1.000000000000000000e+00
6.000000000000000000e+00 2.000000000000000000e+00 2.000000000000000000e+00
6.000000000000000000e+00 3.000000000000000000e+00 0.000000000000000000e+00
6.000000000000000000e+00 3.000000000000000000e+00 1.000000000000000000e+00
6.000000000000000000e+00 3.000000000000000000e+00 2.000000000000000000e+00
6.000000000000000000e+00 4.000000000000000000e+00 0.000000000000000000e+00
6.000000000000000000e+00 4.000000000000000000e+00 1.000000000000000000e+00
6.000000000000000000e+00 4.000000000000000000e+00 2.000000000000000000e+00
6.000000000000000000e+00 5.000000000000000000e+00 0.000000000000000000e+00
6.000000000000000000e+00 5.000000000000000000e+00 1.000000000000000000e+00
6.000000000000000000e+00 5.000000000000000000e+00 2.000000000000000000e+00
6.000000000000000000e+00 6.000000000000000000e+00 0.000000000000000000e+00
6.000000000000000000e+00 6.000000000000000000e+00 1.000000000000000000e+00
6.000000000000000000e+00 6.000000000000000000e+00 2.000000000000000000e+00
6.000000000000000000e+00 7.000000000000000000e+00 0.000000000000000000e+00
6.000000000000000000e+00 7.000000000000000000e+00 1.000000000000000000e+00
6.000000000000000000e+00 7.000000000000000000e+00 2.000000000000000000e+00
6.000000000000000000e+00 8.000000000000000000e+00 0.000000000000000000e+00
6.000000000000000000e+00 8.000000000000000000e+00 1.000000000000000000e+00
6.000000000000000000e+00 8.000000000000000000e+00 2.000000000000000000e+00
6.000000000000000000e+00 9.000000000000000000e+00 0.000000000000000000e+00
6.000000000000000000e+00 9.000000000000000000e+00 1.000000000000000000e+00
6.000000000000000000e+00 9.000000000000000000e+00 2.000000000000000000e+00
6.000000000000000000e+00 1.000000000000000000e+01 0.000000000000000000e+00
6.000000000000000000e+00 1.000000000000000000e+01 1.000000000000000000e+00
6.000000000000000000e+00 1.000000000000000000e+01 2.000000000000000000e+00
7.000000000000000000e+00 0.000000000000000000e+00 0.000000000000000000e+00
7.000000000000000000e+00 1.000000000000000000e+00 0.000000000000000000e+00
7.000000000000000000e+00 0.000000000000000000e+00 1.000000000000000000e+00
7.000000000000000000e+00 1.000000000000000000e+00 1.000000000000000000e+00
7.000000000000000000e+00 0.000000000000000000e+00 2.000000000000000000e+00
7.000000000000000000e+00 1.000000000000000000e+00 2.000000000000000000e+00
7.000000000000000000e+00 2.000000000000000000e+00 0.000000000000000000e+00
7.000000000000000000e+00 2.000000000000000000e+00 1.000000000000000000e+00
7.000000000000000000e+00 2.000000000000000000e+00 2.000000000000000000e+00
7.000000000000000000e+00 3.000000000000000000e+00 0.000000000000000000e+00
7.000000000000000000e+00 3.000000000000000000e+00 1.000000000000000000e+00
7.000000000000000000e+00 3.000000000000000000e+00 2.000000000000000000e+00
7.000000000000000000e+00 4.000000000000000000e+00 0.000000000000000000e+00
7.000000000000000000e+00 4.000000000000000000e+00 1.000000000000000000e+00
7.000000000000000000e+00 4.000000000000000000e+00 2.000000000000000000e+00
7.000000000000000000e+00 5.000000000000000000e+00 0.000000000000000000e+00
7.000000000000000000e+00 5.000000000000000000e+00 1.000000000000000000e+00
7.000000000000000000e+00 5.000000000000000000e+00 2.000000000000000000e+00
7.000000000000000000e+00 6.000000000000000000e+00 0.000000000000000000e+00
7.000000000000000000e+00 6.000000000000000000e+00 1.000000000000000000e+00
7.000000000000000000e+00 6.000000000000000000e+00 2.000000000000000000e+00
7.000000000000000000e+00 7.000000000000000000e+00 0.000000000000000000e+00
7.000000000000000000e+00 7.000000000000000000e+00 1.000000000000000000e+00
7.000000000000000000e+00 7.000000000000000000e+00 2.000000000000000000e+00
7.000000000000000000e+00 8.000000000000000000e+00 0.000000000000000000e+00
7.000000000000000000e+00 8.000000000000000000e+00 1.000000000000000000e+00
7.000000000000000000e+00 8.000000000000000000e+00 2.000000000000000000e+00
7.000000000000000000e+00 9.000000000000000000e+00 0.000000000000000000e+00
7.000000000000000000e+00 9.000000000000000000e+00 1.000000000000000000e+00
7.000000000000000000e+00 9.000000000000000000e+00 2.000000000000000000e+00
7.000000000000000000e+00 1.000000000000000000e+01 0.000000000000000000e+00
7.000000000000000000e+00 1.000000000000000000e+01 1.000000000000000000e+00
7.000000000000000000e+00 1.000000000000000000e+01 2.000000000000000000e+00
8.000000000000000000e+00 0.000000000000000000e+00 0.000000000000000000e+00
8.000000000000000000e+00 1.000000000000000000e+00 0.000000000000000000e+00
8.000000000000000000e+00 0.000000000000000000e+00 1.000000000000000000e+00
8.000000000000000000e+00 1.000000000000000000e+00 1.000000000000000000e+00
8.000000000000000000e+00 0.000000000000000000e+00 2.000000000000000000e+00
8.000000000000000000e+00 1.000000000000000000e+00 2.000000000000000000e+00
7.000000000000000000e+00 0.000000000000000000e+00 3.000000000000000000e+00
8.000000000000000000e+00 0.000000000000000000e+00 3.000000000000000000e+00
8.000000000000000000e+00 1.000000000000000000e+00 3.000000000000000000e+00
7.000000000000000000e+00 1.000000000000000000e+00 3.000000000000000000e+00
7.000000000000000000e+00 0.000000000000000000e+00 4.000000000000000000e+00
8.000000000000000000e+00 0.000000000000000000e+00 4.000000000000000000e+00
8.000000000000000000e+00 1.000000000000000000e+00 4.000000000000000000e+00
7.000000000000000000e+00 1.000000000000000000e+00 4.000000000000000000e+00
7.000000000000000000e+00 0.000000000000000000e+00 5.000000000000000000e+00
8.000000000000000000e+00 0.000000000000000000e+00 5.000000000000000000e+00
8.000000000000000000e+00 1.000000000000000000e+00 5.000000000000000000e+00
7.000000000000000000e+00 1.000000000000000000e+00 5.000000000000000000e+00
7.000000000000000000e+00 0.000000000000000000e+00 6.000000000000000000e+00
8.000000000000000000e+00 0.000000000000000000e+00 6.000000000000000000e+00
8.000000000000000000e+00 1.000000000000000000e+00 6.000000000000000000e+00
7.000000000000000000e+00 1.000000000000000000e+00 6.000000000000000000e+00
7.000000000000000000e+00 0.000000000000000000e+00 7.000000000000000000e+00
8.000000000000000000e+00 0.000000000000000000e+00 7.000000000000000000e+00
8.000000000000000000e+00 1.000000000000000000e+00 7.000000000000000000e+00
7.000000000000000000e+00 1.000000000000000000e+00 7.000000000000000000e+00
7.000000000000000000e+00 0.000000000000000000e+00 8.000000000000000000e+00
8.000000000000000000e+00 0.000000000000000000e+00 8.000000000000000000e+00
8.000000000000000000e+00 1.000000000000000000e+00 8.000000000000000000e+00
7.000000000000000000e+00 1.000000000000000000e+00 8.000000000000000000e+00
7.000000000000000000e+00 0.000000000000000000e+00 9.000000000000000000e+00
8.000000000000000000e+00 0.000000000000000000e+00 9.000000000000000000e+00
8.000000000000000000e+00 1.000000000000000000e+00 9.000000000000000000e+00
7.000000000000000000e+00 1.000000000000000000e+00 9.000000000000000000e+00
8.000000000000000000e+00 2.000000000000000000e+00 0.000000000000000000e+00
8.000000000000000000e+00 2.000000000000000000e+00 1.000000000000000000e+00
8.000000000000000000e+00 2.000000000000000000e+00 2.000000000000000000e+00
8.000000000000000000e+00 3.000000000000000000e+00 0.000000000000000000e+00
8.000000000000000000e+00 3.000000000000000000e+00 1.000000000000000000e+00
8.000000000000000000e+00 3.000000000000000000e+00 2.000000000000000000e+00
7.000000000000000000e+00 2.000000000000000000e+00 3.000000000000000000e+00
8.000000000000000000e+00 2.000000000000000000e+00 3.000000000000000000e+00
8.000000000000000000e+00 3.000000000000000000e+00 3.000000000000000000e+00
7.000000000000000000e+00 3.000000000000000000e+00 3.000000000000000000e+00
7.000000000000000000e+00 2.000000000000000000e+00 4.000000000000000000e+00
8.000000000000000000e+00 2.000000000000000000e+00 4.000000000000000000e+00
8.000000000000000000e+00 3.000000000000000000e+00 4.000000000000000000e+00
7.000000000000000000e+00 3.000000000000000000e+00 4.000000000000000000e+00
7.000000000000000000e+00 2.000000000000000000e+00 5.000000000000000000e+00
8.000000000000000000e+00 2.000000000000000000e+00 5.000000000000000000e+00
8.000000000000000000e+00 3.000000000000000000e+00 5.000000000000000000e+00
7.000000000000000000e+00 3.000000000000000000e+00 5.000000000000000000e+00
7.000000000000000000e+00 2.000000000000000000e+00 6.000000000000000000e+00
8.000000000000000000e+00 2.000000000000000000e+00 6.000000000000000000e+00
8.000000000000000000e+00 3.000000000000000000e+00 6.000000000000000000e+00
7.000000000000000000e+00 3.000000000000000000e+00 6.000000000000000000e+00
7.000000000000000000e+00 2.000000000000000000e+00 7.000000000000000000e+00
8.000000000000000000e+00 2.000000000000000000e+00 7.000000000000000000e+00
8.000000000000000000e+00 3.000000000000000000e+00 7.000000000000000000e+00
7.000000000000000000e+00 3.000000000000000000e+00 7.000000000000000000e+00
7.000000000000000000e+00 2.000000000000000000e+00 8.000000000000000000e+00
8.000000000000000000e+00 2.000000000000000000e+00 8.000000000000000000e+00
8.000000000000000000e+00 3.000000000000000000e+00 8.000000000000000000e+00
7.000000000000000000e+00 3.000000000000000000e+00 8.000000000000000000e+00
7.000000000000000000e+00 2.000000000000000000e+00 9.000000000000000000e+00
8.000000000000000000e+00 2.000000000000000000e+00 9.000000000000000000e+00
8.000000000000000000e+00 3.000000000000000000e+00 9.000000000000000000e+00
7.000000000000000000e+00 3.000000000000000000e+00 9.000000000000000000e+00
8.000000000000000000e+00 4.000000000000000000e+00 0.000000000000000000e+00
8.000000000000000000e+00 4.000000000000000000e+00 1.000000000000000000e+00
8.000000000000000000e+00 4.000000000000000000e+00 2.000000000000000000e+00
8.000000000000000000e+00 5.000000000000000000e+00 0.000000000000000000e+00
8.000000000000000000e+00 5.000000000000000000e+00 1.000000000000000000e+00
8.000000000000000000e+00 5.000000000000000000e+00 2.000000000000000000e+00
7.000000000000000000e+00 4.000000000000000000e+00 3.000000000000000000e+00
8.000000000000000000e+00 4.000000000000000000e+00 3.000000000000000000e+00
8.000000000000000000e+00 5.000000000000000000e+00 3.000000000000000000e+00
7.000000000000000000e+00 5.000000000000000000e+00 3.000000000000000000e+00
7.000000000000000000e+00 4.000000000000000000e+00 4.000000000000000000e+00
8.000000000000000000e+00 4.000000000000000000e+00 4.000000000000000000e+00
8.000000000000000000e+00 5.000000000000000000e+00 4.000000000000000000e+00
7.000000000000000000e+00 5.000000000000000000e+00 4.000000000000000000e+00
7.000000000000000000e+00 4.000000000000000000e+00 5.000000000000000000e+00
8.000000000000000000e+00 4.000000000000000000e+00 5.000000000000000000e+00
8.000000000000000000e+00 5.000000000000000000e+00 5.000000000000000000e+00
7.000000000000000000e+00 5.000000000000000000e+00 5.000000000000000000e+00
7.000000000000000000e+00 4.000000000000000000e+00 6.000000000000000000e+00
8.000000000000000000e+00 4.000000000000000000e+00 6.000000000000000000e+00
8.000000000000000000e+00 5.000000000000000000e+00 6.000000000000000000e+00
7.000000000000000000e+00 5.000000000000000000e+00 6.000000000000000000e+00
7.000000000000000000e+00 4.000000000000000000e+00 7.000000000000000000e+00
8.000000000000000000e+00 4.000000000000000000e+00 7.000000000000000000e+00
8.000000000000000000e+00 5.000000000000000000e+00 7.000000000000000000e+00
7.000000000000000000e+00 5.000000000000000000e+00 7.000000000000000000e+00
7.000000000000000000e+00 4.000000000000000000e+00 8.000000000000000000e+00
8.000000000000000000e+00 4.000000000000000000e+00 8.000000000000000000e+00
8.000000000000000000e+00 5.000000000000000000e+00 8.000000000000000000e+00
7.000000000000000000e+00 5.000000000000000000e+00 8.000000000000000000e+00
7.000000000000000000e+00 4.000000000000000000e+00 9.000000000000000000e+00
8.000000000000000000e+00 4.000000000000000000e+00 9.000000000000000000e+00
8.000000000000000000e+00 5.000000000000000000e+00 9.000000000000000000e+00
7.000000000000000000e+00 5.000000000000000000e+00 9.000000000000000000e+00
8.000000000000000000e+00 6.000000000000000000e+00 0.000000000000000000e+00
8.000000000000000000e+00 6.000000000000000000e+00 1.000000000000000000e+00
8.000000000000000000e+00 6.000000000000000000e+00 2.000000000000000000e+00
8.000000000000000000e+00 7.000000000000000000e+00 0.000000000000000000e+00
8.000000000000000000e+00 7.000000000000000000e+00 1.000000000000000000e+00
8.000000000000000000e+00 7.000000000000000000e+00 2.000000000000000000e+00
8.000000000000000000e+00 8.000000000000000000e+00 0.000000000000000000e+00
8.000000000000000000e+00 8.000000000000000000e+00 1.000000000000000000e+00
8.000000000000000000e+00 8.000000000000000000e+00 2.000000000000000000e+00
7.000000000000000000e+00 7.000000000000000000e+00 3.000000000000000000e+00
8.000000000000000000e+00 7.000000000000000000e+00 3.000000000000000000e+00
8.000000000000000000e+00 8.000000000000000000e+00 3.000000000000000000e+00
7.000000000000000000e+00 8.000000000000000000e+00 3.000000000000000000e+00
7.000000000000000000e+00 7.000000000000000000e+00 4.000000000000000000e+00
8.000000000000000000e+00 7.000000000000000000e+00 4.000000000000000000e+00
8.000000000000000000e+00 8.000000000000000000e+00 4.000000000000000000e+00
7.000000000000000000e+00 8.000000000000000000e+00 4.000000000000000000e+00
7.000000000000000000e+00 7.000000000000000000e+00 5.000000000000000000e+00
8.000000000000000000e+00 7.000000000000000000e+00 5.000000000000000000e+00
8.000000000000000000e+00 8.000000000000000000e+00 5.000000000000000000e+00
7.000000000000000000e+00 8.000000000000000000e+00 5.000000000000000000e+00
7.000000000000000000e+00 7.000000000000000000e+00 6.000000000000000000e+00
8.000000000000000000e+00 7.000000000000000000e+00 6.000000000000000000e+00
8.000000000000000000e+00 8.000000000000000000e+00 6.000000000000000000e+00
7.000000000000000000e+00 8.000000000000000000e+00 6.000000000000000000e+00
7.000000000000000000e+00 7.000000000000000000e+00 7.000000000000000000e+00
8.000000000000000000e+00 7.000000000000000000e+00 7.000000000000000000e+00
8.000000000000000000e+00 8.000000000000000000e+00 7.000000000000000000e+00
7.000000000000000000e+00 8.000000000000000000e+00 7.000000000000000000e+00
7.000000000000000000e+00 7.000000000000000000e+00 8.000000000000000000e+00
8.000000000000000000e+00 7.000000000000000000e+00 8.000000000000000000e+00
8.000000000000000000e+00 8.000000000000000000e+00 8.000000000000000000e+00
7.000000000000000000e+00 8.000000000000000000e+00 8.000000000000000000e+00
7.000000000000000000e+00 7.000000000000000000e+00 9.000000000000000000e+00
8.000000000000000000e+00 7.000000000000000000e+00 9.000000000000000000e+00
8.000000000000000000e+00 8.000000000000000000e+00 9.000000000000000000e+00
7.000000000000000000e+00 8.000000000000000000e+00 9.000000000000000000e+00
8.000000000000000000e+00 9.000000000000000000e+00 0.000000000000000000e+00
8.000000000000000000e+00 9.000000000000000000e+00 1.000000000000000000e+00
8.000000000000000000e+00 9.000000000000000000e+00 2.000000000000000000e+00
8.000000000000000000e+00 1.000000000000000000e+01 0.000000000000000000e+00
8.000000000000000000e+00 1.000000000000000000e+01 1.000000000000000000e+00
8.000000000000000000e+00 1.000000000000000000e+01 2.000000000000000000e+00
7.000000000000000000e+00 9.000000000000000000e+00 3.000000000000000000e+00
8.000000000000000000e+00 9.000000000000000000e+00 3.000000000000000000e+00
8.000000000000000000e+00 1.000000000000000000e+01 3.000000000000000000e+00
7.000000000000000000e+00 1.000000000000000000e+01 3.000000000000000000e+00
7.000000000000000000e+00 9.000000000000000000e+00 4.000000000000000000e+00
8.000000000000000000e+00 9.000000000000000000e+00 4.000000000000000000e+00
8.000000000000000000e+00 1.000000000000000000e+01 4.000000000000000000e+00
7.000000000000000000e+00 1.000000000000000000e+01 4.000000000000000000e+00
7.000000000000000000e+00 9.000000000000000000e+00 5.000000000000000000e+00
8.000000000000000000e+00 9.000000000000000000e+00 5.000000000000000000e+00
8.000000000000000000e+00 1.000000000000000000e+01 5.000000000000000000e+00
7.000000000000000000e+00 1.000000000000000000e+01 5.000000000000000000e+00
7.000000000000000000e+00 9.000000000000000000e+00 6.000000000000000000e+00
8.000000000000000000e+00 9.000000000000000000e+00 6.000000000000000000e+00
8.000000000000000000e+00 1.000000000000000000e+01 6.000000000000000000e+00
7.000000000000000000e+00 1.000000000000000000e+01 6.000000000000000000e+00
7.000000000000000000e+00 9.000000000000000000e+00 7.000000000000000000e+00
8.000000000000000000e+00 9.000000000000000000e+00 7.000000000000000000e+00
8.000000000000000000e+00 1.000000000000000000e+01 7.000000000000000000e+00
7.000000000000000000e+00 1.000000000000000000e+01 7.000000000000000000e+00
7.000000000000000000e+00 9.000000000000000000e+00 8.000000000000000000e+00
8.000000000000000000e+00 9.000000000000000000e+00 8.000000000000000000e+00
8.000000000000000000e+00 1.000000000000000000e+01 8.000000000000000000e+00
7.000000000000000000e+00 1.000000000000000000e+01 8.000000000000000000e+00
7.000000000000000000e+00 9.000000000000000000e+00 9.000000000000000000e+00
8.000000000000000000e+00 9.000000000000000000e+00 9.000000000000000000e+00
8.000000000000000000e+00 1.000000000000000000e+01 9.000000000000000000e+00
7.000000000000000000e+00 1.000000000000000000e+01 9.000000000000000000e+00
9.000000000000000000e+00 0.000000000000000000e+00 0.000000000000000000e+00
9.000000000000000000e+00 1.000000000000000000e+00 0.000000000000000000e+00
9.000000000000000000e+00 0.000000000000000000e+00 1.000000000000000000e+00
9.000000000000000000e+00 1.000000000000000000e+00 1.000000000000000000e+00
9.000000000000000000e+00 0.000000000000000000e+00 2.000000000000000000e+00
9.000000000000000000e+00 1.000000000000000000e+00 2.000000000000000000e+00
9.000000000000000000e+00 2.000000000000000000e+00 0.000000000000000000e+00
9.000000000000000000e+00 2.000000000000000000e+00 1.000000000000000000e+00
9.000000000000000000e+00 2.000000000000000000e+00 2.000000000000000000e+00
9.000000000000000000e+00 3.000000000000000000e+00 0.000000000000000000e+00
9.000000000000000000e+00 3.000000000000000000e+00 1.000000000000000000e+00
9.000000000000000000e+00 3.000000000000000000e+00 2.000000000000000000e+00
9.000000000000000000e+00 4.000000000000000000e+00 0.000000000000000000e+00
9.000000000000000000e+00 4.000000000000000000e+00 1.000000000000000000e+00
9.000000000000000000e+00 4.000000000000000000e+00 2.000000000000000000e+00
9.000000000000000000e+00 5.000000000000000000e+00 0.000000000000000000e+00
9.000000000000000000e+00 5.000000000000000000e+00 1.000000000000000000e+00
9.000000000000000000e+00 5.000000000000000000e+00 2.000000000000000000e+00
9.000000000000000000e+00 6.000000000000000000e+00 0.000000000000000000e+00
9.000000000000000000e+00 6.000000000000000000e+00 1.000000000000000000e+00
9.000000000000000000e+00 6.000000000000000000e+00 2.000000000000000000e+00
9.000000000000000000e+00 7.000000000000000000e+00 0.000000000000000000e+00
9.000000000000000000e+00 7.000000000000000000e+00 1.000000000000000000e+00
9.000000000000000000e+00 7.000000000000000000e+00 2.000000000000000000e+00
9.000000000000000000e+00 8.000000000000000000e+00 0.000000000000000000e+00
9.000000000000000000e+00 8.000000000000000000e+00 1.000000000000000000e+00
9.000000000000000000e+00 8.000000000000000000e+00 2.000000000000000000e+00
9.000000000000000000e+00 9.000000000000000000e+00 0.000000000000000000e+00
9.000000000000000000e+00 9.000000000000000000e+00 1.000000000000000000e+00
9.000000000000000000e+00 9.000000000000000000e+00 2.000000000000000000e+00
9.000000000000000000e+00 1.000000000000000000e+01 0.000000000000000000e+00
9.000000000000000000e+00 1.000000000000000000e+01 1.000000000000000000e+00
9.000000000000000000e+00 1.000000000000000000e+01 2.000000000000000000e+00
1.000000000000000000e+01 0.000000000000000000e+00 0.000000000000000000e+00
1.000000000000000000e+01 1.000000000000000000e+00 0.000000000000000000e+00
1.000000000000000000e+01 0.000000000000000000e+00 1.000000000000000000e+00
1.000000000000000000e+01 1.000000000000000000e+00 1.000000000000000000e+00
1.000000000000000000e+01 0.000000000000000000e+00 2.000000000000000000e+00
1.000000000000000000e+01 1.000000000000000000e+00 2.000000000000000000e+00
9.000000000000000000e+00 0.000000000000000000e+00 3.000000000000000000e+00
1.000000000000000000e+01 0.000000000000000000e+00 3.000000000000000000e+00
1.000000000000000000e+01 1.000000000000000000e+00 3.000000000000000000e+00
9.000000000000000000e+00 1.000000000000000000e+00 3.000000000000000000e+00
9.000000000000000000e+00 0.000000000000000000e+00 4.000000000000000000e+00
1.000000000000000000e+01 0.000000000000000000e+00 4.000000000000000000e+00
1.000000000000000000e+01 1.000000000000000000e+00 4.000000000000000000e+00
9.000000000000000000e+00 1.000000000000000000e+00 4.000000000000000000e+00
9.000000000000000000e+00 0.000000000000000000e+00 5.000000000000000000e+00
1.000000000000000000e+01 0.000000000000000000e+00 5.000000000000000000e+00
1.000000000000000000e+01 1.000000000000000000e+00 5.000000000000000000e+00
9.000000000000000000e+00 1.000000000000000000e+00 5.000000000000000000e+00
9.000000000000000000e+00 0.000000000000000000e+00 6.000000000000000000e+00
1.000000000000000000e+01 0.000000000000000000e+00 6.000000000000000000e+00
1.000000000000000000e+01 1.000000000000000000e+00 6.000000000000000000e+00
9.000000000000000000e+00 1.000000000000000000e+00 6.000000000000000000e+00
9.000000000000000000e+00 0.000000000000000000e+00 7.000000000000000000e+00
1.000000000000000000e+01 0.000000000000000000e+00 7.000000000000000000e+00
1.000000000000000000e+01 1.000000000000000000e+00 7.000000000000000000e+00
9.000000000000000000e+00 1.000000000000000000e+00 7.000000000000000000e+00
9.000000000000000000e+00 0.000000000000000000e+00 8.000000000000000000e+00
1.000000000000000000e+01 0.000000000000000000e+00 8.000000000000000000e+00
1.000000000000000000e+01 1.000000000000000000e+00 8.000000000000000000e+00
9.000000000000000000e+00 1.000000000000000000e+00 8.000000000000000000e+00
9.000000000000000000e+00 0.000000000000000000e+00 9.000000000000000000e+00
1.000000000000000000e+01 0.000000000000000000e+00 9.000000000000000000e+00
1.000000000000000000e+01 1.000000000000000000e+00 9.000000000000000000e+00
9.000000000000000000e+00 1.000000000000000000e+00 9.000000000000000000e+00
1.000000000000000000e+01 2.000000000000000000e+00 0.000000000000000000e+00
1.000000000000000000e+01 2.000000000000000000e+00 1.000000000000000000e+00
1.000000000000000000e+01 2.000000000000000000e+00 2.000000000000000000e+00
1.000000000000000000e+01 3.000000000000000000e+00 0.000000000000000000e+00
1.000000000000000000e+01 3.000000000000000000e+00 1.000000000000000000e+00
1.000000000000000000e+01 3.000000000000000000e+00 2.000000000000000000e+00
9.000000000000000000e+00 2.000000000000000000e+00 3.000000000000000000e+00
1.000000000000000000e+01 2.000000000000000000e+00 3.000000000000000000e+00
1.000000000000000000e+01 3.000000000000000000e+00 3.000000000000000000e+00
9.000000000000000000e+00 3.000000000000000000e+00 3.000000000000000000e+00
9.000000000000000000e+00 2.000000000000000000e+00 4.000000000000000000e+00
1.000000000000000000e+01 2.000000000000000000e+00 4.000000000000000000e+00
1.000000000000000000e+01 3.000000000000000000e+00 4.000000000000000000e+00
9.000000000000000000e+00 3.000000000000000000e+00 4.000000000000000000e+00
9.000000000000000000e+00 2.000000000000000000e+00 5.000000000000000000e+00
1.000000000000000000e+01 2.000000000000000000e+00 5.000000000000000000e+00
1.000000000000000000e+01 3.000000000000000000e+00 5.000000000000000000e+00
9.000000000000000000e+00 3.000000000000000000e+00 5.000000000000000000e+00
9.000000000000000000e+00 2.000000000000000000e+00 6.000000000000000000e+00
1.000000000000000000e+01 2.000000000000000000e+00 6.000000000000000000e+00
1.000000000000000000e+01 3.000000000000000000e+00 6.000000000000000000e+00
9.000000000000000000e+00 3.000000000000000000e+00 6.000000000000000000e+00
9.000000000000000000e+00 2.000000000000000000e+00 7.000000000000000000e+00
1.000000000000000000e+01 2.000000000000000000e+00 7.000000000000000000e+00
1.000000000000000000e+01 3.000000000000000000e+00 7.000000000000000000e+00
9.000000000000000000e+00 3.000000000000000000e+00 7.000000000000000000e+00
9.000000000000000000e+00 2.000000000000000000e+00 8.000000000000000000e+00
1.000000000000000000e+01 2.000000000000000000e+00 8.000000000000000000e+00
1.000000000000000000e+01 3.000000000000000000e+00 8.000000000000000000e+00
9.000000000000000000e+00 3.000000000000000000e+00 8.000000000000000000e+00
9.000000000000000000e+00 2.000000000000000000e+00 9.000000000000000000e+00
1.000000000000000000e+01 2.000000000000000000e+00 9.000000000000000000e+00
1.000000000000000000e+01 3.000000000000000000e+00 9.000000000000000000e+00
9.000000000000000000e+00 3.000000000000000000e+00 9.000000000000000000e+00
1.000000000000000000e+01 4.000000000000000000e+00 0.000000000000000000e+00
1.000000000000000000e+01 4.000000000000000000e+00 1.000000000000000000e+00
1.000000000000000000e+01 4.000000000000000000e+00 2.000000000000000000e+00
1.000000000000000000e+01 5.000000000000000000e+00 0.000000000000000000e+00
1.000000000000000000e+01 5.000000000000000000e+00 1.000000000000000000e+00
1.000000000000000000e+01 5.000000000000000000e+00 2.000000000000000000e+00
9.000000000000000000e+00 4.000000000000000000e+00 3.000000000000000000e+00
1.000000000000000000e+01 4.000000000000000000e+00 3.000000000000000000e+00
1.000000000000000000e+01 5.000000000000000000e+00 3.000000000000000000e+00
9.000000000000000000e+00 5.000000000000000000e+00 3.000000000000000000e+00
9.000000000000000000e+00 4.000000000000000000e+00 4.000000000000000000e+00
1.000000000000000000e+01 4.000000000000000000e+00 4.000000000000000000e+00
1.000000000000000000e+01 5.000000000000000000e+00 4.000000000000000000e+00
9.000000000000000000e+00 5.000000000000000000e+00 4.000000000000000000e+00
9.000000000000000000e+00 4.000000000000000000e+00 5.000000000000000000e+00
1.000000000000000000e+01 4.000000000000000000e+00 5.000000000000000000e+00
1.000000000000000000e+01 5.000000000000000000e+00 5.000000000000000000e+00
9.000000000000000000e+00 5.000000000000000000e+00 5.000000000000000000e+00
9.000000000000000000e+00 4.000000000000000000e+00 6.000000000000000000e+00
1.000000000000000000e+01 4.000000000000000000e+00 6.000000000000000000e+00
1.000000000000000000e+01 5.000000000000000000e+00 6.000000000000000000e+00
9.000000000000000000e+00 5.000000000000000000e+00 6.000000000000000000e+00
9.000000000000000000e+00 4.000000000000000000e+00 7.000000000000000000e+00
1.000000000000000000e+01 4.000000000000000000e+00 7.000000000000000000e+00
1.000000000000000000e+01 5.000000000000000000e+00 7.000000000000000000e+00
9.000000000000000000e+00 5.000000000000000000e+00 7.000000000000000000e+00
9.000000000000000000e+00 4.000000000000000000e+00 8.000000000000000000e+00
1.000000000000000000e+01 4.000000000000000000e+00 8.000000000000000000e+00
1.000000000000000000e+01 5.000000000000000000e+00 8.000000000000000000e+00
9.000000000000000000e+00 5.000000000000000000e+00 8.000000000000000000e+00
9.000000000000000000e+00 4.000000000000000000e+00 9.000000000000000000e+00
1.000000000000000000e+01 4.000000000000000000e+00 9.000000000000000000e+00
1.000000000000000000e+01 5.000000000000000000e+00 9.000000000000000000e+00
9.000000000000000000e+00 5.000000000000000000e+00 9.000000000000000000e+00
1.000000000000000000e+01 6.000000000000000000e+00 0.000000000000000000e+00
1.000000000000000000e+01 6.000000000000000000e+00 1.000000000000000000e+00
1.000000000000000000e+01 6.000000000000000000e+00 2.000000000000000000e+00
1.000000000000000000e+01 7.000000000000000000e+00 0.000000000000000000e+00
1.000000000000000000e+01 7.000000000000000000e+00 1.000000000000000000e+00
1.000000000000000000e+01 7.000000000000000000e+00 2.000000000000000000e+00
1.000000000000000000e+01 8.000000000000000000e+00 0.000000000000000000e+00
1.000000000000000000e+01 8.000000000000000000e+00 1.000000000000000000e+00
1.000000000000000000e+01 8.000000000000000000e+00 2.000000000000000000e+00
9.000000000000000000e+00 7.000000000000000000e+00 3.000000000000000000e+00
1.000000000000000000e+01 7.000000000000000000e+00 3.000000000000000000e+00
1.000000000000000000e+01 8.000000000000000000e+00 3.000000000000000000e+00
9.000000000000000000e+00 8.000000000000000000e+00 3.000000000000000000e+00
9.000000000000000000e+00 7.000000000000000000e+00 4.000000000000000000e+00
1.000000000000000000e+01 7.000000000000000000e+00 4.000000000000000000e+00
1.000000000000000000e+01 8.000000000000000000e+00 4.000000000000000000e+00
9.000000000000000000e+00 8.000000000000000000e+00 4.000000000000000000e+00
9.000000000000000000e+00 7.000000000000000000e+00 5.000000000000000000e+00
1.000000000000000000e+01 7.000000000000000000e+00 5.000000000000000000e+00
1.000000000000000000e+01 8.000000000000000000e+00 5.000000000000000000e+00
9.000000000000000000e+00 8.000000000000000000e+00 5.000000000000000000e+00
9.000000000000000000e+00 7.000000000000000000e+00 6.000000000000000000e+00
1.000000000000000000e+01 7.000000000000000000e+00 6.000000000000000000e+00
1.000000000000000000e+01 8.000000000000000000e+00 6.000000000000000000e+00
9.000000000000000000e+00 8.000000000000000000e+00 6.000000000000000000e+00
9.000000000000000000e+00 7.000000000000000000e+00 7.000000000000000000e+00
1.000000000000000000e+01 7.000000000000000000e+00 7.000000000000000000e+00
1.000000000000000000e+01 8.000000000000000000e+00 7.000000000000000000e+00
9.000000000000000000e+00 8.000000000000000000e+00 7.000000000000000000e+00
9.000000000000000000e+00 7.000000000000000000e+00 8.000000000000000000e+00
1.000000000000000000e+01 7.000000000000000000e+00 8.000000000000000000e+00
1.000000000000000000e+01 8.000000000000000000e+00 8.000000000000000000e+00
9.000000000000000000e+00 8.000000000000000000e+00 8.000000000000000000e+00
9.000000000000000000e+00 7.000000000000000000e+00 9.000000000000000000e+00
1.000000000000000000e+01 7.000000000000000000e+00 9.000000000000000000e+00
1.000000000000000000e+01 8.000000000000000000e+00 9.000000000000000000e+00
9.000000000000000000e+00 8.000000000000000000e+00 9.000000000000000000e+00
1.000000000000000000e+01 9.000000000000000000e+00 0.000000000000000000e+00
1.000000000000000000e+01 9.000000000000000000e+00 1.000000000000000000e+00
1.000000000000000000e+01 9.000000000000000000e+00 2.000000000000000000e+00
1.000000000000000000e+01 1.000000000000000000e+01 0.000000000000000000e+00
1.000000000000000000e+01 1.000000000000000000e+01 1.000000000000000000e+00
1.000000000000000000e+01 1.000000000000000000e+01 2.000000000000000000e+00
9.000000000000000000e+00 9.000000000000000000e+00 3.000000000000000000e+00
1.000000000000000000e+01 9.000000000000000000e+00 3.000000000000000000e+00
1.000000000000000000e+01 1.000000000000000000e+01 3.000000000000000000e+00
9.000000000000000000e+00 1.000000000000000000e+01 3.000000000000000000e+00
9.000000000000000000e+00 9.000000000000000000e+00 4.000000000000000000e+00
1.000000000000000000e+01 9.000000000000000000e+00 4.000000000000000000e+00
1.000000000000000000e+01 1.000000000000000000e+01 4.000000000000000000e+00
9.000000000000000000e+00 1.000000000000000000e+01 4.000000000000000000e+00
9.000000000000000000e+00 9.000000000000000000e+00 5.000000000000000000e+00
1.000000000000000000e+01 9.000000000000000000e+00 5.000000000000000000e+00
1.000000000000000000e+01 1.000000000000000000e+01 5.000000000000000000e+00
9.000000000000000000e+00 1.000000000000000000e+01 5.000000000000000000e+00
9.000000000000000000e+00 9.000000000000000000e+00 6.000000000000000000e+00
1.000000000000000000e+01 9.000000000000000000e+00 6.000000000000000000e+00
1.000000000000000000e+01 1.000000000000000000e+01 6.000000000000000000e+00
9.000000000000000000e+00 1.000000000000000000e+01 6.000000000000000000e+00
9.000000000000000000e+00 9.000000000000000000e+00 7.000000000000000000e+00
1.000000000000000000e+01 9.000000000000000000e+00 7.000000000000000000e+00
1.000000000000000000e+01 1.000000000000000000e+01 7.000000000000000000e+00
9.000000000000000000e+00 1.000000000000000000e+01 7.000000000000000000e+00
9.000000000000000000e+00 9.000000000000000000e+00 8.000000000000000000e+00
1.000000000000000000e+01 9.000000000000000000e+00 8.000000000000000000e+00
1.000000000000000000e+01 1.000000000000000000e+01 8.000000000000000000e+00
9.000000000000000000e+00 1.000000000000000000e+01 8.000000000000000000e+00
9.000000000000000000e+00 9.000000000000000000e+00 9.000000000000000000e+00
1.000000000000000000e+01 9.000000000000000000e+00 9.000000000000000000e+00
1.000000000000000000e+01 1.000000000000000000e+01 9.000000000000000000e+00
9.000000000000000000e+00 1.000000000000000000e+01 9.000000000000000000e+00

CELLS 375 3375
8 0 1 2 3 4 5 6 7
8 4 5 6 7 8 9 10 11
8 8 9 10 11 12 13 14 15
8 12 13 14 15 16 17 18 19
8 16 17 18 19 20 21 22 23
8 20 21 22 23 24 25 26 27
8 24 25 26 27 28 29 30 31
8 28 29 30 31 32 33 34 35
8 32 33 34 35 36 37 38 39
8 3 2 40 41 7 6 42 43
8 7 6 42 43 11 10 44 45
8 41 40 46 47 43 42 48 49
8 43 42 48 49 45 44 50 51
8 45 44 50 51 52 53 54 55
8 52 53 54 55 56 57 58 59
8 56 57 58 59 60 61 62 63
8 60 61 62 63 64 65 66 67
8 64 65 66 67 68 69 70 71
8 68 69 70 71 72 73 74 75
8 72 73 74 75 76 77 78 79
8 47 46 80 81 49 48 82 83
8 49 48 82 83 51 50 84 85
8 81 80 86 87 83 82 88 89
8 83 82 88 89 85 84 90 91
8 85 84 90 91 92 93 94 95
8 92 93 94 95 96 97 98 99
8 96 97 98 99 100 101 102 103
8 100 101 102 103 104 105 106 107
8 104 105 106 107 108 109 110 111
8 108 109 110 111 112 113 114 115
8 112 113 114 115 116 117 118 119
8 87 86 120 121 89 88 122 123
8 89 88 122 123 91 90 124 125
8 121 120 126 127 123 122 128 129
8 123 122 128 129 125 124 130 131
8 127 126 132 133 129 128 134 135
8 129 128 134 135 131 130 136 137
8 131 130 136 137 138 139 140 141
8 138 139 140 141 142 143 144 145
8 142 143 144 145 146 147 148 149
8 146 147 148 149 150 151 152 153
8 150 151 152 153 154 155 156 157
8 154 155 156 157 158 159 160 161
8 158 159 160 161 162 163 164 165
8 133 132 166 167 135 134 168 169
8 135 134 168 169 137 136 170 171
8 167 166 172 173 169 168 174 175
8 169 168 174 175 171 170 176 177
8 171 170 176 177 178 179 180 181
8 178 179 180 181 182 183 184 185
8 182 183 184 185 186 187 188 189
8 186 187 188 189 190 191 192 193
8 190 191 192 193 194 195 196 197
8 194 195 196 197 198 199 200 201
8 198 199 200 201 202 203 204 205
8 1 206 207 2 5 208 209 6
8 5 208 209 6 9 210 211 10
8 2 207 212 40 6 209 213 42
8 6 209 213 42 10 211 214 44
8 40 212 215 46 42 213 216 48
8 42 213 216 48 44 214 217 50
8 46 215 218 80 48 216 219 82
8 48 216 219 82 50 217 220 84
8 80 218 221 86 82 219 222 88
8 82 219 222 88 84 220 223 90
8 86 221 224 120 88 222 225 122
8 88 222 225 122 90 223 226 124
8 120 224 227 126 122 225 228 128
8 122 225 228 128 124 226 229 130
8 126 227 230 132 128 228 231 134
8 128 228 231 134 130 229 232 136
8 132 230 233 166 134 231 234 168
8 134 231 234 168 136 232 235 170
8 166 233 236 172 168 234 237 174
8 168 234 237 174 170 235 238 176
8 206 239 240 207 208 241 242 209
8 208 241 242 209 210 243 244 211
8 210 243 244 211 245 246 247 248
8 245 246 247 248 249 250 251 252
8 249 250 251 252 253 254 255 256
8 253 254 255 256 257 258 259 260
8 257 258 259 260 261 262 263 264
8 261 262 263 264 265 266 267 268
8 265 266 267 268 269 270 271 272
8 207 240 273 212 209 242 274 213
8 209 242 274 213 211 244 275 214
8 212 273 276 215 213 274 277 216
8 213 274 277 216 214 275 278 217
8 214 275 278 217 279 280 281 282
8 279 280 281 282 283 284 285 286
8 283 284 285 286 287 288 289 290
8 287 288 289 290 291 292 293 294
8 291 292 293 294 295 296 297 298
8 295 296 297 298 299 300 301 302
8 299 300 301 302 303 304 305 306
8 215 276 307 218 216 277 308 219
8 216 277 308 219 217 278 309 220
8 218 307 310 221 219 308 311 222
8 219 308 311 222 220 309 312 223
8 220 309 312 223 313 314 315 316
8 313 314 315 316 317 318 319 320
8 317 318 319 320 321 322 323 324
8 321 322 323 324 325 326 327 328
8 325 326 327 328 329 330 331 332
8 329 330 331 332 333 334 335 336
8 333 334 335 336 337 338 339 340
8 221 310 341 224 222 311 342 225
8 222 311 342 225 223 312 343 226
8 224 341 344 227 225 342 345 228
8 225 342 345 228 226 343 346 229
8 227 344 347 230 228 345 348 231
8 228 345 348 231 229 346 349 232
8 229 346 349 232 350 351 352 353
8 350 351 352 353 354 355 356 357
8 354 355 356 357 358 359 360 361
8 358 359 360 361 362 363 364 365
8 362 363 364 365 366 367 368 369
8 366 367 368 369 370 371 372 373
8 370 371 372 373 374 375 376 377
8 230 347 378 233 231 348 379 234
8 231 348 379 234 232 349 380 235
8 233 378 381 236 234 379 382 237
8 234 379 382 237 235 380 383 238
8 235 380 383 238 384 385 386 387
8 384 385 386 387 388 389 390 391
8 388 389 390 391 392 393 394 395
8 392 393 394 395 396 397 398 399
8 396 397 398 399 400 401 402 403
8 400 401 402 403 404 405 406 407
8 404 405 406 407 408 409 410 411
8 239 412 413 240 241 414 415 242
8 241 414 415 242 243 416 417 244
8 240 413 418 273 242 415 419 274
8 242 415 419 274 244 417 420 275
8 273 418 421 276 274 419 422 277
8 274 419 422 277 275 420 423 278
8 276 421 424 307 277 422 425 308
8 277 422 425 308 278 423 426 309
8 307 424 427 310 308 425 428 311
8 308 425 428 311 309 426 429 312
8 310 427 430 341 311 428 431 342
8 311 428 431 342 312 429 432 343
8 341 430 433 344 342 431 434 345
8 342 431 434 345 343 432 435 346
8 344 433 436 347 345 434 437 348
8 345 434 437 348 346 435 438 349
8 347 436 439 378 348 437 440 379
8 348 437 440 379 349 438 441 380
8 378 439 442 381 379 440 443 382
8 379 440 443 382 380 441 444 383
8 412 445 446 413 414 447 448 415
8 414 447 448 415 416 449 450 417
8 416 449 450 417 451 452 453 454
8 451 452 453 454 455 456 457 458
8 455 456 457 458 459 460 461 462
8 459 460 461 462 463 464 465 466
8 463 464 465 466 467 468 469 470
8 467 468 469 470 471 472 473 474
8 471 472 473 474 475 476 477 478
8 413 446 479 418 415 448 480 419
8 415 448 480 419 417 450 481 420
8 418 479 482 421 419 480 483 422
8 419 480 483 422 420 481 484 423
8 420 481 484 423 485 486 487 488
8 485 486 487 488 489 490 491 492
8 489 490 491 492 493 494 495 496
8 493 494 495 496 497 498 499 500
8 497 498 499 500 501 502 503 504
8 501 502 503 504 505 506 507 508
8 505 506 507 508 509 510 511 512
8 421 482 513 424 422 483 514 425
8 422 483 514 425 423 484 515 426
8 424 513 516 427 425 514 517 428
8 425 514 517 428 426 515 518 429
8 426 515 518 429 519 520 521 522
8 519 520 521 522 523 524 525 526
8 523 524 525 526 527 528 529 530
8 527 528 529 530 531 532 533 534
8 531 532 533 534 535 536 537 538
8 535 536 537 538 539 540 541 542
8 539 540 541 542 543 544 545 546
8 427 516 547 430 428 517 548 431
8 428 517 548 431 429 518 549 432
8 430 547 550 433 431 548 551 434
8 431 548 551 434 432 549 552 435
8 433 550 553 436 434 551 554 437
8 434 551 554 437 435 552 555 438
8 435 552 555 438 556 557 558 559
8 556 557 558 559 560 561 562 563
8 560 561 562 563 564 565 566 567
8 564 565 566 567 568 569 570 571
8 568 569 570 571 572 573 574 575
8 572 573 574 575 576 577 578 579
8 576 577 578 579 580 581 582 583
8 436 553 584 439 437 554 585 440
8 437 554 585 440 438 555 586 441
8 439 584 587 442 440 585 588 443
8 440 585 588 443 441 586 589 444
8 441 586 589 444 590 591 592 593
8 590 591 592 593 594 595 596 597
8 594 595 596 597 598 599 600 601
8 598 599 600 601 602 603 604 605
8 602 603 604 605 606 607 608 609
8 606 607 608 609 610 611 612 613
8 610 611 612 613 614 615 616 617
8 445 618 619 446 447 620 621 448
8 447 620 621 448 449 622 623 450
8 446 619 624 479 448 621 625 480
8 448 621 625 480 450 623 626 481
8 479 624 627 482 480 625 628 483
8 480 625 628 483 481 626 629 484
8 482 627 630 513 483 628 631 514
8 483 628 631 514 484 629 632 515
8 513 630 633 516 514 631 634 517
8 514 631 634 517 515 632 635 518
8 516 633 636 547 517 634 637 548
8 517 634 637 548 518 635 638 549
8 547 636 639 550 548 637 640 551
8 548 637 640 551 549 638 641 552
8 550 639 642 553 551 640 643 554
8 551 640 643 554 552 641 644 555
8 553 642 645 584 554 643 646 585
8 554 643 646 585 555 644 647 586
8 584 645 648 587 585 646 649 588
8 585 646 649 588 586 647 650 589
8 618 651 652 619 620 653 654 621
8 620 653 654 621 622 655 656 623
8 619 652 657 624 621 654 658 625
8 621 654 658 625 623 656 659 626
8 624 657 660 627 625 658 661 628
8 625 658 661 628 626 659 662 629
8 627 660 663 630 628 661 664 631
8 628 661 664 631 629 662 665 632
8 630 663 666 633 631 664 667 634
8 631 664 667 634 632 665 668 635
8 633 666 669 636 634 667 670 637
8 634 667 670 637 635 668 671 638
8 636 669 672 639 637 670 673 640
8 637 670 673 640 638 671 674 641
8 639 672 675 642 640 673 676 643
8 640 673 676 643 641 674 677 644
8 642 675 678 645 643 676 679 646
8 643 676 679 646 644 677 680 647
8 645 678 681 648 646 679 682 649
8 646 679 682 649 647 680 683 650
8 651 684 685 652 653 686 687 654
8 653 686 687 654 655 688 689 656
8 655 688 689 656 690 691 692 693
8 690 691 692 693 694 695 696 697
8 694 695 696 697 698 699 700 701
8 698 699 700 701 702 703 704 705
8 702 703 704 705 706 707 708 709
8 706 707 708 709 710 711 712 713
8 710 711 712 713 714 715 716 717
8 652 685 718 657 654 687 719 658
8 654 687 719 658 656 689 720 659
8 657 718 721 660 658 719 722 661
8 658 719 722 661 659 720 723 662
8 659 720 723 662 724 725 726 727
8 724 725 726 727 728 729 730 731
8 728 729 730 731 732 733 734 735
8 732 733 734 735 736 737 738 739
8 736 737 738 739 740 741 742 743
8 740 741 742 743 744 745 746 747
8 744 745 746 747 748 749 750 751
8 660 721 752 663 661 722 753 664
8 661 722 753 664 662 723 754 665
8 663 752 755 666 664 753 756 667
8 664 753 756 667 665 754 757 668
8 665 754 757 668 758 759 760 761
8 758 759 760 761 762 763 764 765
8 762 763 764 765 766 767 768 769
8 766 767 768 769 770 771 772 773
8 770 771 772 773 774 775 776 777
8 774 775 776 777 778 779 780 781
8 778 779 780 781 782 783 784 785
8 666 755 786 669 667 756 787 670
8 667 756 787 670 668 757 788 671
8 669 786 789 672 670 787 790 673
8 670 787 790 673 671 788 791 674
8 672 789 792 675 673 790 793 676
8 673 790 793 676 674 791 794 677
8 674 791 794 677 795 796 797 798
8 795 796 797 798 799 800 801 802
8 799 800 801 802 803 804 805 806
8 803 804 805 806 807 808 809 810
8 807 808 809 810 811 812 813 814
8 811 812 813 814 815 816 817 818
8 815 816 817 818 819 820 821 822
8 675 792 823 678 676 793 824 679
8 676 793 824 679 677 794 825 680
8 678 823 826 681 679 824 827 682
8 679 824 827 682 680 825 828 683
8 680 825 828 683 829 830 831 832
8 829 830 831 832 833 834 835 836
8 833 834 835 836 837 838 839 840
8 837 838 839 840 841 842 843 844
8 841 842 843 844 845 846 847 848
8 845 846 847 848 849 850 851 852
8 849 850 851 852 853 854 855 856
8 684 857 858 685 686 859 860 687
8 686 859 860 687 688 861 862 689
8 685 858 863 718 687 860 864 719
8 687 860 864 719 689 862 865 720
8 718 863 866 721 719 864 867 722
8 719 864 867 722 720 865 868 723
8 721 866 869 752 722 867 870 753
8 722 867 870 753 723 868 871 754
8 752 869 872 755 753 870 873 756
8 753 870 873 756 754 871 874 757
8 755 872 875 786 756 873 876 787
8 756 873 876 787 757 874 877 788
8 786 875 878 789 787 876 879 790
8 787 876 879 790 788 877 880 791
8 789 878 881 792 790 879 882 793
8 790 879 882 793 791 880 883 794
8 792 881 884 823 793 882 885 824
8 793 882 885 824 794 883 886 825
8 823 884 887 826 824 885 888 827
8 824 885 888 827 825 886 889 828
8 857 890 891 858 859 892 893 860
8 859 892 893 860 861 894 895 862
8 861 894 895 862 896 897 898 899
8 896 897 898 899 900 901 902 903
8 900 901 902 903 904 905 906 907
8 904 905 906 907 908 909 910 911
8 908 909 910 911 912 913 914 915
8 912 913 914 915 916 917 918 919
8 916 917 918 919 920 921 922 923
8 858 891 924 863 860 893 925 864
8 860 893 925 864 862 895 926 865
8 863 924 927 866 864 925 928 867
8 864 925 928 867 865 926 929 868
8 865 926 929 868 930 931 932 933
8 930 931 932 933 934 935 936 937
8 934 935 936 937 938 939 940 941
8 938 939 940 941 942 943 944 945
8 942 943 944 945 946 947 948 949
8 946 947 948 949 950 951 952 953
8 950 951 952 953 954 955 956 957
8 866 927 958 869 867 928 959 870
8 867 928 959 870 868 929 960 871
8 869 958 961 872 870 959 962 873
8 870 959 962 873 871 960 963 874
8 871 960 963 874 964 965 966 967
8 964 965 966 967 968 969 970 971
8 968 969 970 971 972 973 974 975
8 972 973 974 975 976 977 978 979
8 976 977 978 979 980 981 982 983
8 980 981 982 983 984 985 986 987
8 984 985 986 987 988 989 990 991
8 872 961 992 875 873 962 993 876
8 873 962 993 876 874 963 994 877
8 875 992 995 878 876 993 996 879
8 876 993 996 879 877 994 997 880
8 878 995 998 881 879 996 999 882
8 879 996 999 882 880 997 1000 883
8 880 997 1000 883 1001 1002 1003 1004
8 1001 1002 1003 1004 1005 1006 1007 1008
8 1005 1006 1007 1008 1009 1010 1011 1012
8 1009 1010 1011 1012 1013 1014 1015 1016
8 1013 1014 1015 1016 1017 1018 1019 1020
8 1017 1018 1019 1020 1021 1022 1023 1024
8 1021 1022 1023 1024 1025 1026 1027 1028
8 881 998 1029 884 882 999 1030 885
8 882 999 1030 885 883 1000 1031 886
8 884 1029 1032 887 885 1030 1033 888
8 885 1030 1033 888 886 1031 1034 889
8 886 1031 1034 889 1035 1036 1037 1038
8 1035 1036 1037 1038 1039 1040 1041 1042
8 1039 1040 1041 1042 1043 1044 1045 1046
8 1043 1044 1045 1046 1047 1048 1049 1050
8 1047 1048 1049 1050 1051 1052 1053 1054
8 1051 1052 1053 1054 1055 1056 1057 1058
8 1055 1056 1057 1058 1059 1060 1061 1062
CELL_TYPES 375
12
12
12
12
12
12
12
12
12
12
12
12
12
12
12
12
12
12
12
12
12
12
12
12
12
12
12
12
12
12
12
12
12
12
12
12
12
12
12
12
12
12
12
12
12
12
12
12
12
12
12
12
12
12
12
12
12
12
12
12
12
12
12
12
12
12
12
12
12
12
12
12
12
12
12
12
12
12
12
12
12
12
12
12
12
12
12
12
12
12
12
12
12
12
12
12
12
12
12
12
12
12
12
12
12
12
12
12
12
12
12
12
12
12
12
12
12
12
12
12
12
12
12
12
12
12
12
12
12
12
12
12
12
12
12
12
12
12
12
12
12
12
12
12
12
12
12
12
12
12
12
12
12
12
12
12
12
12
12
12
12
12
12
12
12
12
12
12
12
12
12
12
12
12
12
12
12
12
12
12
12
12
12
12
12
12
12
12
12
12
12
12
12
12
12
12
12
12
12
12
12
12
12
12
12
12
12
12
12
12
12
12
12
12
12
12
12
12
12
12
12
12
12
12
12
12
12
12
12
12
12
12
12
12
12
12
12
12
12
12
12
12
12
12
12
12
12
12
12
12
12
12
12
12
12
12
12
12
12
12
12
12
12
12
12
12
12
12
12
12
12
12
12
12
12
12
12
12
12
12
12
12
12
12
12
12
12
12
12
12
12
12
12
12
12
12
12
12
12
12
12
12
12
12
12
12
12
12
12
12
12
12
12
12
12
12
12
12
12
12
12
12
12
12
12
12
12
12
12
12
12
12
12
12
12
12
12
12
12
12
12
12
12
12
12
12
12
12
12
12
12
12
12
12
12
12
12
12
12
12
12
12
12
12
12
12
12
12
12
12
12
12
12
12
12
POINT_DATA 1063
SCALARS scalars float 1
LOOKUP_TABLE default
7.085410356521606445e-01
7.095153927803039551e-01
7.107251882553100586e-01
7.097759246826171875e-01
6.947028040885925293e-01
6.954568624496459961e-01
6.969658732414245605e-01
6.961290240287780762e-01
6.679931879043579102e-01
6.753338575363159180e-01
6.824359297752380371e-01
6.756954193115234375e-01
6.364331841468811035e-01
6.356770396232604980e-01
6.349703669548034668e-01
6.356384158134460449e-01
5.957992076873779297e-01
5.958879590034484863e-01
5.959483981132507324e-01
5.958890914916992188e-01
5.551860928535461426e-01
5.551874637603759766e-01
5.551720261573791504e-01
5.551828145980834961e-01
5.101442337036132812e-01
5.101625919342041016e-01
5.101550817489624023e-01
5.101554393768310547e-01
4.522910416126251221e-01
4.523036181926727295e-01
4.523035287857055664e-01
4.522985219955444336e-01
3.784232735633850098e-01
3.784304261207580566e-01
3.784261345863342285e-01
3.784282207489013672e-01
2.999999999999999889e-01
2.999999999999999889e-01
2.999999999999999889e-01
2.999999999999999889e-01
7.137299776077270508e-01
7.128493189811706543e-01
7.009435296058654785e-01
6.998528242111206055e-01
6.879247426986694336e-01
6.822580099105834961e-01
7.175805568695068359e-01
7.166954874992370605e-01
7.052184939384460449e-01
7.043041586875915527e-01
6.915362477302551270e-01
6.848201155662536621e-01
6.457643508911132812e-01
6.452367901802062988e-01
6.448259949684143066e-01
6.455496549606323242e-01
6.039472222328186035e-01
6.040027737617492676e-01
6.040436625480651855e-01
6.039690971374511719e-01
5.619212388992309570e-01
5.619267821311950684e-01
5.619128346443176270e-01
5.619279146194458008e-01
5.160481333732604980e-01
5.160657763481140137e-01
5.160584449768066406e-01
5.160593390464782715e-01
4.575824737548828125e-01
4.575968384742736816e-01
4.575968682765960693e-01
4.575912356376647949e-01
3.816036880016326904e-01
3.816108405590057373e-01
3.816071748733520508e-01
3.816103041172027588e-01
2.999999999999999889e-01
2.999999999999999889e-01
2.999999999999999889e-01
2.999999999999999889e-01
7.213577032089233398e-01
7.206162810325622559e-01
7.092075347900390625e-01
7.082220315933227539e-01
6.981996297836303711e-01
6.927964091300964355e-01
7.240852713584899902e-01
7.233228683471679688e-01
7.130603790283203125e-01
7.125967144966125488e-01
7.018491029739379883e-01
6.954244375228881836e-01
6.460324525833129883e-01
6.455500125885009766e-01
6.452596783638000488e-01
6.458476185798645020e-01
5.899029970169067383e-01
5.898062586784362793e-01
5.899855494499206543e-01
5.899132490158081055e-01
5.286731719970703125e-01
5.287253856658935547e-01
5.290187001228332520e-01
5.287306904792785645e-01
4.656914770603179932e-01
4.658332169055938721e-01
4.659219384193420410e-01
4.658735692501068115e-01
4.053892791271209717e-01
4.053467214107513428e-01
4.054422080516815186e-01
4.054794013500213623e-01
3.505433499813079834e-01
3.505035340785980225e-01
3.505417108535766602e-01
3.505531549453735352e-01
2.999999999999999889e-01
2.999999999999999889e-01
2.999999999999999889e-01
2.999999999999999889e-01
7.249726653099060059e-01
7.244795560836791992e-01
7.141408920288085938e-01
7.130498290061950684e-01
7.100171446800231934e-01
7.101802229881286621e-01
7.236572504043579102e-01
7.229496836662292480e-01
7.124722599983215332e-01
7.122208476066589355e-01
7.012385725975036621e-01
6.949573755264282227e-01
7.208573222160339355e-01
7.202044725418090820e-01
7.084392905235290527e-01
7.076895833015441895e-01
6.974107623100280762e-01
6.921458840370178223e-01
6.452076435089111328e-01
6.445767879486083984e-01
6.451017856597900391e-01
6.454994082450866699e-01
5.893976688385009766e-01
5.893195271492004395e-01
5.894124507904052734e-01
5.893744826316833496e-01
5.282089710235595703e-01
5.282633304595947266e-01
5.285746455192565918e-01
5.282775163650512695e-01
4.653558731079101562e-01
4.654910564422607422e-01
4.655807018280029297e-01
4.655415713787078857e-01
4.051843583583831787e-01
4.051381349563598633e-01
4.052389264106750488e-01
4.052788615226745605e-01
3.504488170146942139e-01
3.504042625427246094e-01
3.504494130611419678e-01
3.504657745361328125e-01
2.999999999999999889e-01
2.999999999999999889e-01
2.999999999999999889e-01
2.999999999999999889e-01
7.181107401847839355e-01
7.173520922660827637e-01
7.047545909881591797e-01
7.038945555686950684e-01
6.900464892387390137e-01
6.831964850425720215e-01
7.169955372810363770e-01
7.161951661109924316e-01
7.032680511474609375e-01
7.022998332977294922e-01
6.828252077102661133e-01
6.752344965934753418e-01
6.420233249664306641e-01
6.413649916648864746e-01
6.420667171478271484e-01
6.428669691085815430e-01
6.012578010559082031e-01
6.013282537460327148e-01
6.012592315673828125e-01
6.011788249015808105e-01
5.596484541893005371e-01
5.596518516540527344e-01
5.596553683280944824e-01
5.596708655357360840e-01
5.140736699104309082e-01
5.140911936759948730e-01
5.140881538391113281e-01
5.140892267227172852e-01
4.558141231536865234e-01
4.558282792568206787e-01
4.558332562446594238e-01
4.558278918266296387e-01
3.805293440818786621e-01
3.805364966392517090e-01
3.805381655693054199e-01
3.805402815341949463e-01
2.999999999999999889e-01
2.999999999999999889e-01
2.999999999999999889e-01
2.999999999999999889e-01
7.120684981346130371e-01
7.132248282432556152e-01
6.984372138977050781e-01
7.000029683113098145e-01
6.763719320297241211e-01
6.843521595001220703e-01
7.161534428596496582e-01
7.038515806198120117e-01
6.923560500144958496e-01
7.197990417480468750e-01
7.080863118171691895e-01
6.956956982612609863e-01
7.233342528343200684e-01
7.118006348609924316e-01
7.016446590423583984e-01
7.257892489433288574e-01
7.152911424636840820e-01
7.046642899513244629e-01
7.265877127647399902e-01
7.158769369125366211e-01
7.122895121574401855e-01
7.251794338226318359e-01
7.144335508346557617e-01
7.019598484039306641e-01
7.225398421287536621e-01
7.106612324714660645e-01
6.988828182220458984e-01
7.199866175651550293e-01
7.072861790657043457e-01
6.941155195236206055e-01
7.189477682113647461e-01
7.059946656227111816e-01
6.878641247749328613e-01
7.157549262046813965e-01
7.168567180633544922e-01
7.027059793472290039e-01
7.040082812309265137e-01
6.789418458938598633e-01
6.876932382583618164e-01
6.259564757347106934e-01
6.257089376449584961e-01
6.247718334197998047e-01
6.251249909400939941e-01
5.710117816925048828e-01
5.710201859474182129e-01
5.710994005203247070e-01
5.710378289222717285e-01
5.178811550140380859e-01
5.178598165512084961e-01
5.178423523902893066e-01
5.178190469741821289e-01
4.650095701217651367e-01
4.649814665317535400e-01
4.649876058101654053e-01
4.649566709995269775e-01
4.116626977920532227e-01
4.116279184818267822e-01
4.116435050964355469e-01
4.116170108318328857e-01
3.569915294647216797e-01
3.569436967372894287e-01
3.569761514663696289e-01
3.569591343402862549e-01
2.999999999999999889e-01
2.999999999999999889e-01
2.999999999999999889e-01
2.999999999999999889e-01
7.195169329643249512e-01
7.075699567794799805e-01
6.953361630439758301e-01
7.227976918220520020e-01
7.114156484603881836e-01
6.981839537620544434e-01
6.531613469123840332e-01
6.528514027595520020e-01
6.525724530220031738e-01
6.528137326240539551e-01
6.102390289306640625e-01
6.102816462516784668e-01
6.102996468544006348e-01
6.102842092514038086e-01
5.671092867851257324e-01
5.671138763427734375e-01
5.671036839485168457e-01
5.671111345291137695e-01
5.205217003822326660e-01
5.205394625663757324e-01
5.205308198928833008e-01
5.205340981483459473e-01
4.615769684314727783e-01
4.615920782089233398e-01
4.615927338600158691e-01
4.615869224071502686e-01
3.840689361095428467e-01
3.840762078762054443e-01
3.840714395046234131e-01
3.840749263763427734e-01
2.999999999999999889e-01
2.999999999999999889e-01
2.999999999999999889e-01
2.999999999999999889e-01
7.259829640388488770e-01
7.145771980285644531e-01
7.041344642639160156e-01
7.280950546264648438e-01
7.177140712738037109e-01
7.066817879676818848e-01
6.525852084159851074e-01
6.523296236991882324e-01
6.522079110145568848e-01
6.523066759109497070e-01
5.960000157356262207e-01
5.959498286247253418e-01
5.960880517959594727e-01
5.960567593574523926e-01
5.340659618377685547e-01
5.340149402618408203e-01
5.342764854431152344e-01
5.340492129325866699e-01
4.695994555950164795e-01
4.697911143302917480e-01
4.699201285839080811e-01
4.698099792003631592e-01
4.077707529067993164e-01
4.077251255512237549e-01
4.078326523303985596e-01
4.078837037086486816e-01
3.516339063644409180e-01
3.515916466712951660e-01
3.516331017017364502e-01
3.516434431076049805e-01
2.999999999999999889e-01
2.999999999999999889e-01
2.999999999999999889e-01
2.999999999999999889e-01
7.287134528160095215e-01
7.180061936378479004e-01
7.145242691040039062e-01
7.273181676864624023e-01
7.165439724922180176e-01
7.035781145095825195e-01
7.248599529266357422e-01
7.129608988761901855e-01
7.007464766502380371e-01
6.578279137611389160e-01
6.576813459396362305e-01
6.579553484916687012e-01
6.581591367721557617e-01
6.145100593566894531e-01
6.145318150520324707e-01
6.145019531250000000e-01
6.144856214523315430e-01
5.705785751342773438e-01
5.705868005752563477e-01
5.705852508544921875e-01
5.705930590629577637e-01
5.234861969947814941e-01
5.235045552253723145e-01
5.234988331794738770e-01
5.235021710395812988e-01
4.642128944396972656e-01
4.642289280891418457e-01
4.642334878444671631e-01
4.642266333103179932e-01
3.857263028621673584e-01
3.857353925704956055e-01
3.857352733612060547e-01
3.857370615005493164e-01
2.999999999999999889e-01
2.999999999999999889e-01
2.999999999999999889e-01
2.999999999999999889e-01
7.225064635276794434e-01
7.099410295486450195e-01
6.962203383445739746e-01
7.215386033058166504e-01
7.088848948478698730e-01
6.895616054534912109e-01
6.496743559837341309e-01
6.494556069374084473e-01
6.501405835151672363e-01
6.503041386604309082e-01
6.078186631202697754e-01
6.078510880470275879e-01
6.077758669853210449e-01
6.077681779861450195e-01
5.650642514228820801e-01
5.650700330734252930e-01
5.650746822357177734e-01
5.650814771652221680e-01
5.187717676162719727e-01
5.187892317771911621e-01
5.187841653823852539e-01
5.187875628471374512e-01
4.600164294242858887e-01
4.600306451320648193e-01
4.600360393524169922e-01
4.600306451320648193e-01
3.830975592136383057e-01
3.831049203872680664e-01
3.831057846546173096e-01
3.831087946891784668e-01
2.999999999999999889e-01
2.999999999999999889e-01
2.999999999999999889e-01
2.999999999999999889e-01
7.200319766998291016e-01
7.209185957908630371e-01
7.072489261627197266e-01
7.085027694702148438e-01
6.920365691184997559e-01
6.975120306015014648e-01
7.231662869453430176e-01
7.115741968154907227e-01
7.013532519340515137e-01
7.260097265243530273e-01
7.145968079566955566e-01
7.041610479354858398e-01
7.287002801895141602e-01
7.174220085144042969e-01
7.072302103042602539e-01
7.305276393890380859e-01
7.200628519058227539e-01
7.096720933914184570e-01
7.309460639953613281e-01
7.203808426856994629e-01
7.167042493820190430e-01
7.297005057334899902e-01
7.188300490379333496e-01
7.066685557365417480e-01
7.274468541145324707e-01
7.155265212059020996e-01
7.038398981094360352e-01
7.253289818763732910e-01
7.127293944358825684e-01
6.996936202049255371e-01
7.245072722434997559e-01
7.116520404815673828e-01
6.937202215194702148e-01
7.233915925025939941e-01
7.242483496665954590e-01
7.126951813697814941e-01
7.132318615913391113e-01
6.953768730163574219e-01
7.019122242927551270e-01
6.457349658012390137e-01
6.454519629478454590e-01
6.448780298233032227e-01
6.452677249908447266e-01
5.895895361900329590e-01
5.894688963890075684e-01
5.896764397621154785e-01
5.896263122558593750e-01
5.284001231193542480e-01
5.284571647644042969e-01
5.287482142448425293e-01
5.284568071365356445e-01
4.654937386512756348e-01
4.656289517879486084e-01
4.657135009765625000e-01
4.656724333763122559e-01
4.052705764770507812e-01
4.052242636680603027e-01
4.053164124488830566e-01
4.053568840026855469e-01
3.504905700683593750e-01
3.504458069801330566e-01
3.504811525344848633e-01
3.504974842071533203e-01
2.999999999999999889e-01
2.999999999999999889e-01
2.999999999999999889e-01
2.999999999999999889e-01
7.260991334915161133e-01
7.155838012695312500e-01
7.049438953399658203e-01
7.284480333328247070e-01
7.180607318878173828e-01
7.069826126098632812e-01
6.527019143104553223e-01
6.523256301879882812e-01
6.522657871246337891e-01
6.524329185485839844e-01
5.960607528686523438e-01
5.960246920585632324e-01
5.961551070213317871e-01
5.961189866065979004e-01
5.341252088546752930e-01
5.340704321861267090e-01
5.343326926231384277e-01
5.341071486473083496e-01
4.696407020092010498e-01
4.698326289653778076e-01
4.699623286724090576e-01
4.698523879051208496e-01
4.077953100204467773e-01
4.077490270137786865e-01
4.078582823276519775e-01
4.079098105430603027e-01
3.516447842121124268e-01
3.516021072864532471e-01
3.516451120376586914e-01
3.516556322574615479e-01
2.999999999999999889e-01
2.999999999999999889e-01
2.999999999999999889e-01
2.999999999999999889e-01
7.307668328285217285e-01
7.203106284141540527e-01
7.098819017410278320e-01
7.323105335235595703e-01
7.226586341857910156e-01
7.114250659942626953e-01
6.574559211730957031e-01
6.571643948554992676e-01
6.571578383445739746e-01
6.572162508964538574e-01
6.004548668861389160e-01
6.004526019096374512e-01
6.005697250366210938e-01
6.005302071571350098e-01
5.380527377128601074e-01
5.379295349121093750e-01
5.381724238395690918e-01
5.379951000213623047e-01
4.725208878517150879e-01
4.727433621883392334e-01
4.729056954383850098e-01
4.727497696876525879e-01
4.095663428306579590e-01
4.095255136489868164e-01
4.096268415451049805e-01
4.096835553646087646e-01
3.524521291255950928e-01
3.524105548858642578e-01
3.524550199508666992e-01
3.524617552757263184e-01
2.999999999999999889e-01
2.999999999999999889e-01
2.999999999999999889e-01
2.999999999999999889e-01
7.328779697418212891e-01
7.224747538566589355e-01
7.198508381843566895e-01
7.316325902938842773e-01
7.217399477958679199e-01
7.084296345710754395e-01
7.297021746635437012e-01
7.187727093696594238e-01
7.065607309341430664e-01
6.622070074081420898e-01
6.620715856552124023e-01
6.622227430343627930e-01
6.625384688377380371e-01
6.181484460830688477e-01
6.181648373603820801e-01
6.181516647338867188e-01
6.181195378303527832e-01
5.735591650009155273e-01
5.735684037208557129e-01
5.735642313957214355e-01
5.735747814178466797e-01
5.260082483291625977e-01
5.260258316993713379e-01
5.260198712348937988e-01
5.260239839553833008e-01
4.664469659328460693e-01
4.664634764194488525e-01
4.664672315120697021e-01
4.664607346057891846e-01
3.871536552906036377e-01
3.871617317199707031e-01
3.871608674526214600e-01
3.871640264987945557e-01
2.999999999999999889e-01
2.999999999999999889e-01
2.999999999999999889e-01
2.999999999999999889e-01
7.278185486793518066e-01
7.163565754890441895e-01
7.028516530990600586e-01
7.269706130027770996e-01
7.157698273658752441e-01
6.958591341972351074e-01
6.549560427665710449e-01
6.546094417572021484e-01
6.553496718406677246e-01
6.555362939834594727e-01
6.121778488159179688e-01
6.122282743453979492e-01
6.121435165405273438e-01
6.121365427970886230e-01
5.686607956886291504e-01
5.686646699905395508e-01
5.686709284782409668e-01
5.686765313148498535e-01
5.218535065650939941e-01
5.218726396560668945e-01
5.218672156333923340e-01
5.218703746795654297e-01
4.627621769905090332e-01
4.627783000469207764e-01
4.627838134765625000e-01
4.627767801284790039e-01
3.848102986812591553e-01
3.848188519477844238e-01
3.848190009593963623e-01
3.848217725753784180e-01
2.999999999999999889e-01
2.999999999999999889e-01
2.999999999999999889e-01
2.999999999999999889e-01
7.252594828605651855e-01
7.258039116859436035e-01
7.138515710830688477e-01
7.150103449821472168e-01
7.109976410865783691e-01
7.109742760658264160e-01
7.274419665336608887e-01
7.168864607810974121e-01
7.132826447486877441e-01
7.294903397560119629e-01
7.189439535140991211e-01
7.154316306114196777e-01
7.315271496772766113e-01
7.210030555725097656e-01
7.174248695373535156e-01
7.331604361534118652e-01
7.227712869644165039e-01
7.201389074325561523e-01
7.334814071655273438e-01
7.240387797355651855e-01
7.193141579627990723e-01
7.327752113342285156e-01
7.223583459854125977e-01
7.197304368019104004e-01
7.308999300003051758e-01
7.202424407005310059e-01
7.165158390998840332e-01
7.291535735130310059e-01
7.181144356727600098e-01
7.140306830406188965e-01
7.285428643226623535e-01
7.168686389923095703e-01
7.139534354209899902e-01
7.243533730506896973e-01
7.250391840934753418e-01
7.136190533638000488e-01
7.139976024627685547e-01
6.964583992958068848e-01
7.027686834335327148e-01
7.264730334281921387e-01
7.159843444824218750e-01
7.052407264709472656e-01
7.284486889839172363e-01
7.179177403450012207e-01
7.068639397621154785e-01
7.305856943130493164e-01
7.198706865310668945e-01
7.076449990272521973e-01
7.321981191635131836e-01
7.222859859466552734e-01
7.090703248977661133e-01
7.329891324043273926e-01
7.225814461708068848e-01
7.199466228485107422e-01
7.320257425308227539e-01
7.223582267761230469e-01
7.110009193420410156e-01
7.303028106689453125e-01
7.197827100753784180e-01
7.092468142509460449e-01
7.285379767417907715e-01
7.175205349922180176e-01
7.061637043952941895e-01
7.277204990386962891e-01
7.169879078865051270e-01
6.997413039207458496e-01
7.220636010169982910e-01
7.225987315177917480e-01
7.098374366760253906e-01
7.104778289794921875e-01
6.941974163055419922e-01
6.992688775062561035e-01
6.468289494514465332e-01
6.470171809196472168e-01
6.466760635375976562e-01
6.462014317512512207e-01
5.908346772193908691e-01
5.906921625137329102e-01
5.908589363098144531e-01
5.909070968627929688e-01
5.294861197471618652e-01
5.295209884643554688e-01
5.298114418983459473e-01
5.295237898826599121e-01
4.662806391716003418e-01
4.664237201213836670e-01
4.665159583091735840e-01
4.664663374423980713e-01
4.057509303092956543e-01
4.057011008262634277e-01
4.057970941066741943e-01
4.058428704738616943e-01
3.507113754749298096e-01
3.506635129451751709e-01
3.507006764411926270e-01
3.507194221019744873e-01
2.999999999999999889e-01
2.999999999999999889e-01
2.999999999999999889e-01
2.999999999999999889e-01
7.240434288978576660e-01
7.122499346733093262e-01
7.020744681358337402e-01
7.261242270469665527e-01
7.142874598503112793e-01
7.038996815681457520e-01
6.524493694305419922e-01
6.527863740921020508e-01
6.527074575424194336e-01
6.523457169532775879e-01
5.962342619895935059e-01
5.961175560951232910e-01
5.962569713592529297e-01
5.962679386138916016e-01
5.342366695404052734e-01
5.341843962669372559e-01
5.344426631927490234e-01
5.342196226119995117e-01
4.697270393371582031e-01
4.699131250381469727e-01
4.700426459312438965e-01
4.699374139308929443e-01
4.078502953052520752e-01
4.077970087528228760e-01
4.079038798809051514e-01
4.079630970954895020e-01
3.516728579998016357e-01
3.516222834587097168e-01
3.516628146171569824e-01
3.516811132431030273e-01
2.999999999999999889e-01
2.999999999999999889e-01
2.999999999999999889e-01
2.999999999999999889e-01
7.284823656082153320e-01
7.168295383453369141e-01
7.049082517623901367e-01
7.304418683052062988e-01
7.196718454360961914e-01
7.074289917945861816e-01
6.629579663276672363e-01
6.632802486419677734e-01
6.629796028137207031e-01
6.628604531288146973e-01
6.187857985496520996e-01
6.187527775764465332e-01
6.187831759452819824e-01
6.187965273857116699e-01
5.740789771080017090e-01
5.740911960601806641e-01
5.740792155265808105e-01
5.740875005722045898e-01
5.264461636543273926e-01
5.264613032341003418e-01
5.264528393745422363e-01
5.264590382575988770e-01
4.668344259262084961e-01
4.668489098548889160e-01
4.668496847152709961e-01
4.668451249599456787e-01
3.874024152755737305e-01
3.874094486236572266e-01
3.874057829380035400e-01
3.874106705188751221e-01
2.999999999999999889e-01
2.999999999999999889e-01
2.999999999999999889e-01
2.999999999999999889e-01
7.312226891517639160e-01
7.205724716186523438e-01
7.168413400650024414e-01
7.303271889686584473e-01
7.196234464645385742e-01
7.091728448867797852e-01
7.283234000205993652e-01
7.167139649391174316e-01
7.064669728279113770e-01
6.564787030220031738e-01
6.566435098648071289e-01
6.570557355880737305e-01
6.566715240478515625e-01
6.000151038169860840e-01
5.999568104743957520e-01
6.000372171401977539e-01
6.000460982322692871e-01
5.376150608062744141e-01
5.374976396560668945e-01
5.377494692802429199e-01
5.375693440437316895e-01
4.722056090831756592e-01
4.724161326885223389e-01
4.725771546363830566e-01
4.724354445934295654e-01
4.093702733516693115e-01
4.093168377876281738e-01
4.094262719154357910e-01
4.094943702220916748e-01
3.523661494255065918e-01
3.523119091987609863e-01
3.523615002632141113e-01
3.523808717727661133e-01
2.999999999999999889e-01
2.999999999999999889e-01
2.999999999999999889e-01
2.999999999999999889e-01
7.263379693031311035e-01
7.140645980834960938e-01
7.028422355651855469e-01
7.255539298057556152e-01
7.130247354507446289e-01
6.974064111709594727e-01
6.492812037467956543e-01
6.496880054473876953e-01
6.502909660339355469e-01
6.500238180160522461e-01
5.937738418579101562e-01
5.936154127120971680e-01
5.937050580978393555e-01
5.937080979347229004e-01
5.320092439651489258e-01
5.320013761520385742e-01
5.322840809822082520e-01
5.320375561714172363e-01
4.681183993816375732e-01
4.682813286781311035e-01
4.684003293514251709e-01
4.683221876621246338e-01
4.068692326545715332e-01
4.068146049976348877e-01
4.069243669509887695e-01
4.069799482822418213e-01
3.512223660945892334e-01
3.511700630187988281e-01
3.512177765369415283e-01
3.512393832206726074e-01
2.999999999999999889e-01
2.999999999999999889e-01
2.999999999999999889e-01
2.999999999999999889e-01
7.195003032684326172e-01
7.200637459754943848e-01
7.066130042076110840e-01
7.068726420402526855e-01
6.888794898986816406e-01
6.945926547050476074e-01
7.214750051498413086e-01
7.086321115493774414e-01
6.927385926246643066e-01
7.236992120742797852e-01
7.109555602073669434e-01
6.946135163307189941e-01
7.264151573181152344e-01
7.139070630073547363e-01
7.028558254241943359e-01
7.286455035209655762e-01
7.175079584121704102e-01
7.061524391174316406e-01
7.295039892196655273e-01
7.184651494026184082e-01
7.143912911415100098e-01
7.284327149391174316e-01
7.171138525009155273e-01
7.035405039787292480e-01
7.261402606964111328e-01
7.135969400405883789e-01
7.004709243774414062e-01
7.239074110984802246e-01
7.105671167373657227e-01
6.957651376724243164e-01
7.229862809181213379e-01
7.095188498497009277e-01
6.886189579963684082e-01
7.183578014373779297e-01
7.189792394638061523e-01
7.054967880249023438e-01
7.054079174995422363e-01
6.806544065475463867e-01
6.881849765777587891e-01
6.371519565582275391e-01
6.380577683448791504e-01
6.373562812805175781e-01
6.367104649543762207e-01
5.823417901992797852e-01
5.820456147193908691e-01
5.822954177856445312e-01
5.823523402214050293e-01
5.220245122909545898e-01
5.221807956695556641e-01
5.224981307983398438e-01
5.221439003944396973e-01
4.608587920665740967e-01
4.609353542327880859e-01
4.609783589839935303e-01
4.610114991664886475e-01
4.024405479431152344e-01
4.023914039134979248e-01
4.024730324745178223e-01
4.025037586688995361e-01
3.491918146610260010e-01
3.491421341896057129e-01
3.491779863834381104e-01
3.492023348808288574e-01
2.999999999999999889e-01
2.999999999999999889e-01
2.999999999999999889e-01
2.999999999999999889e-01
7.203844189643859863e-01
7.070765495300292969e-01
6.844220757484436035e-01
7.226712107658386230e-01
7.095705866813659668e-01
6.859662532806396484e-01
6.312878131866455078e-01
6.321116685867309570e-01
6.319368481636047363e-01
6.310496330261230469e-01
5.761212110519409180e-01
5.760189890861511230e-01
5.760167837142944336e-01
5.760915875434875488e-01
5.218385457992553711e-01
5.218189954757690430e-01
5.218110680580139160e-01
5.217792391777038574e-01
4.679897725582122803e-01
4.679529368877410889e-01
4.679574370384216309e-01
4.679340720176696777e-01
4.136848151683807373e-01
4.136413633823394775e-01
4.136563837528228760e-01
4.136368930339813232e-01
3.580392003059387207e-01
3.579817116260528564e-01
3.580139279365539551e-01
3.580043315887451172e-01
2.999999999999999889e-01
2.999999999999999889e-01
2.999999999999999889e-01
2.999999999999999889e-01
7.255381941795349121e-01
7.128155827522277832e-01
6.972497105598449707e-01
7.277773022651672363e-01
7.170860171318054199e-01
6.998738646507263184e-01
6.496282815933227539e-01
6.501760482788085938e-01
6.500534415245056152e-01
6.493304371833801270e-01
5.937076807022094727e-01
5.935503840446472168e-01
5.936945676803588867e-01
5.937554240226745605e-01
5.319955348968505859e-01
5.319857597351074219e-01
5.322619676589965820e-01
5.320062637329101562e-01
4.681026041507720947e-01
4.682658016681671143e-01
4.683801531791687012e-01
4.683033823966979980e-01
4.068611264228820801e-01
4.068070352077484131e-01
4.069109857082366943e-01
4.069662690162658691e-01
3.512200117111206055e-01
3.511683940887451172e-01
3.512099981307983398e-01
3.512312471866607666e-01
2.999999999999999889e-01
2.999999999999999889e-01
2.999999999999999889e-01
2.999999999999999889e-01
7.288632988929748535e-01
7.172063589096069336e-01
7.142975926399230957e-01
7.275357246398925781e-01
7.163291573524475098e-01
6.964579820632934570e-01
7.252166867256164551e-01
7.122315764427185059e-01
6.942635178565979004e-01
6.551599502563476562e-01
6.559132933616638184e-01
6.561005711555480957e-01
6.555120944976806641e-01
6.126883625984191895e-01
6.126120090484619141e-01
6.125942468643188477e-01
6.126574873924255371e-01
5.690408349037170410e-01
5.690569281578063965e-01
5.690533518791198730e-01
5.690566301345825195e-01
5.221830010414123535e-01
5.221967101097106934e-01
5.221915245056152344e-01
5.221984982490539551e-01
4.630552530288696289e-01
4.630673527717590332e-01
4.630717933177947998e-01
4.630685746669769287e-01
3.849954605102539062e-01
3.850000500679016113e-01
3.849999010562896729e-01
3.850064873695373535e-01
2.999999999999999889e-01
2.999999999999999889e-01
2.999999999999999889e-01
2.999999999999999889e-01
7.228398919105529785e-01
7.091358304023742676e-01
6.883859038352966309e-01
7.218939065933227539e-01
7.079683542251586914e-01
6.805897355079650879e-01
6.460642814636230469e-01
6.467930078506469727e-01
6.476016640663146973e-01
6.467744708061218262e-01
6.052880883216857910e-01
6.052225828170776367e-01
6.051325798034667969e-01
6.052301526069641113e-01
5.629268884658813477e-01
5.629390478134155273e-01
5.629441738128662109e-01
5.629434585571289062e-01
5.169305801391601562e-01
5.169441103935241699e-01
5.169381499290466309e-01
5.169456005096435547e-01
4.583712220191955566e-01
4.583815336227416992e-01
4.583860933780670166e-01
4.583842754364013672e-01
3.820872008800506592e-01
3.820888400077819824e-01
3.820882737636566162e-01
3.820967674255371094e-01
2.999999999999999889e-01
2.999999999999999889e-01
2.999999999999999889e-01
2.999999999999999889e-01
